schema_version,manifest,rater_id,rater_item_index,item_id,source,attribute,attribute_name,n_levels,moss_level,moss_label,rater_level,rater_label,fit,flagged,flag_reason,is_quality_check,qc_expect,listens,ms_on_item
a3-audit-1,voiceclap-a3-audit,rater_1,1,A3-156,Majestrino,TENS,Tension,7,,"There is a persistent sense of muscular tightness in the vocal tract, with the voice sounding strained and constricted throughout.",2,"The speech perfectly mimics a highly dry, deeply academic lecture or the incredibly boring, strictly informative reading of a complex technical manual. The vocal delivery is completely objective, highly steady, and entirely devoid of any entertaining or dramatic flair. While the acoustic information is successfully transmitted, the deeply sterile tone actively discourages active listening.",fits,0,,0,,1,60282
a3-audit-1,voiceclap-a3-audit,rater_1,2,A3-109,LAION-Got-Talent,S_RANT,Ranting/Angry Style,7,3,"The delivery is highly energetic and fast-paced, resembling a rapid venting session with a continuous, rhythmic flow that effectively releases pent-up tension.",4,"The speech trajectory tracks a subtle, highly engaging 'perking up' of physiological alertness and rising bodily energy. The speaker sounds perceptibly more awake, highly interested, and physically engaged by the end of the phrase than they did at the exact beginning. The acoustic engine gently revs up, applying a light, highly active forward-moving pressure.",no,0,,0,,3,156452
a3-audit-1,voiceclap-a3-audit,rater_1,3,A3-284,Multilingual-Wild,HARM,Harmonicity,7,3,"The voice maintains a clear and stable pitch throughout, with a natural and consistent harmonic structure.",0,"The speaker is heavily stumbling and deeply confused, sounding exactly like a person painfully reading a highly complex text out loud for the very first time. The delivery is completely ruined by severe mispronunciations, highly awkward, completely unnatural pauses, and a total lack of forward narrative momentum. The acoustic flow is deeply broken, completely failing to guide the listener through the story.",fits,0,,0,,2,71199
a3-audit-1,voiceclap-a3-audit,rater_1,4,A3-186,Majestrino,R_HEAD,Head Resonance,7,4,"The voice carries a delicate, floating quality, with a noticeable lift in the upper harmonics that gives it a light and airy texture.",1,"The vocal delivery perfectly captures completely natural, entirely unremarkable standard human speech, entirely devoid of any artificial 'put-on' characterizations or highly exaggerated acoustic traits. The resonance, pitch, and rhythm are completely biologically standard, producing a highly functional, deeply typical audio signal. The voice sounds exactly like a completely normal person speaking in a completely normal environment.",partial,0,,0,,1,57300
a3-audit-1,voiceclap-a3-audit,rater_1,5,A3-266,Multilingual-Wild,CHNK,Chunking,7,,"The speaker groups words into short, controlled phrases with brief, intentional pauses between them.",2,"The acoustic output strongly resembles a theatrical soliloquy; the speaker is clearly thinking out loud, but is completely unconcerned with whether another person is actually listening. The intonation is highly internal and slightly wandering, lacking the sharp, outward-facing projection required to actively engage a conversational partner. The audio feels highly personal but distinctly disconnected.",fits,0,,0,,1,30982
a3-audit-1,voiceclap-a3-audit,rater_1,6,A3-218,Majestrino,R_CHST,Chest Resonance,7,4,"The voice carries a deep, resonant warmth that vibrates strongly in the chest, giving it a grounded and full-bodied quality.",1,"The vocal delivery perfectly captures completely natural, entirely unremarkable standard human speech, entirely devoid of any artificial 'put-on' characterizations or highly exaggerated acoustic traits. The resonance, pitch, and rhythm are completely biologically standard, producing a highly functional, deeply typical audio signal. The voice sounds exactly like a completely normal person speaking in a completely normal environment.",fits,0,,0,,3,37999
a3-audit-1,voiceclap-a3-audit,rater_1,7,A3-115,LAION-Got-Talent,AGEV,Voice Age,7,4,"The vocal characteristics suggest a speaker in her late twenties to early thirties, with a fully mature but still agile vocal tract.",4,"The acoustic signature reflects a fully developed, mature adult, characterized by a highly settled, grounded, and authoritative resonant weight. The vocal folds exhibit a very slight, natural thickening, which adds a warm, robust low-mid frequency presence to the audio. The overall physical support is incredibly stable, projecting a commanding and complete spectral profile.",fits,0,,0,,1,31515
a3-audit-1,voiceclap-a3-audit,rater_1,8,A3-285,Multilingual-Wild,VALS,Valence Shift,7,3,"The emotional tone remains neutral and informative from start to finish, with no noticeable change in valence.",4,"The affective trajectory traces a subtle, highly encouraging brightening of the emotional state, gently shifting towards a distinctly positive resolution. A highly perceptible hint of a smile, deep relief, or renewed optimism gracefully appears at the very end of the acoustic phrase. It sounds exactly like the sun gently breaking through heavy, oppressive emotional clouds.",no,0,,0,,2,61382
a3-audit-1,voiceclap-a3-audit,rater_1,9,A3-212,Majestrino,DFLU,Disfluency,7,0,"There are no fillers, hesitations, or self-corrections, resulting in a perfectly smooth and uninterrupted flow.",1,"The delivery is highly polished and professional, containing perhaps only a single, negligible micro-hesitation in a long stream of speech. The linguistic output is exceptionally clean, indicating a highly prepared and focused speaker. There is almost no acoustic junk interrupting the primary message.",fits,0,,0,,1,34349
a3-audit-1,voiceclap-a3-audit,rater_1,10,A3-260,Multilingual-Wild,STNC,Stance,7,5,"The delivery is forceful and commanding, with a loud, projected voice that dominates the acoustic space, leaving no room for the listener to respond.",1,"The audio features a very reserved, cautious, and quiet delivery that respectfully waits for long silences before initiating sound. The phrase endings are deeply softened and drop in volume, indicating a distinct hesitation to claim the conversational floor. It is a highly guarded, socially deferential acoustic posture.",partial,0,,0,,1,29464
a3-audit-1,voiceclap-a3-audit,rater_1,11,A3-160,Majestrino,S_CART,Cartoonish Style,7,,"The voice is a highly exaggerated, cartoonish caricature with impossible pitch jumps, percussive pops, and piercing whistles that defy human vocal limits.",1,"The vocal delivery perfectly captures completely natural, entirely unremarkable standard human speech, entirely devoid of any artificial 'put-on' characterizations or highly exaggerated acoustic traits. The resonance, pitch, and rhythm are completely biologically standard, producing a highly functional, deeply typical audio signal. The voice sounds exactly like a completely normal person speaking in a completely normal environment.",no,0,,0,,1,28467
a3-audit-1,voiceclap-a3-audit,rater_1,12,A3-299,Multilingual-Wild,S_MONO,Monologue Style,7,0,"The speaker is engaged in a dialogue, responding to the other person and showing active interaction rather than speaking in isolation.",0,"The speech is an incredibly active, highly engaged, and deeply interactive dialogue, featuring a speaker distinctly talking directly to a partner, actively waiting for answers, and highly focused on reading facial cues. The vocal tone is completely outward-facing, highly social, and entirely dependent on the continuous acoustic and emotional feedback of the listener. The audio is the absolute, highly collaborative antithesis of an isolated monologue.",fits,0,,0,,1,20065
a3-audit-1,voiceclap-a3-audit,rater_1,13,A3-208,Majestrino,S_DRAM,Dramatic Style,7,0,"The delivery is completely flat and devoid of any emotional expression, sounding like a person reading a list of facts without any engagement.",0,"The delivery is incredibly deadpan, heavily bored, and completely devoid of any emotional affect, sounding exactly like a person falling asleep while reading a mundane grocery list. The speaker actively suppresses any dramatic instinct, maintaining a highly flat, violently uninteresting acoustic profile regardless of the actual words being spoken. The audio is the absolute, unyielding antithesis of theatrical performance.",fits,0,,0,,1,23149
a3-audit-1,voiceclap-a3-audit,rater_1,14,A3-050,EMOLIA-BAL,TENS,Tension,7,3,"There is a faint but perceptible tension in the vocal tract, giving the voice a slightly constricted and strained quality.",3,"A faint acoustic 'edge' or mild muscular squeeze becomes audible, indicating a subtle tightening of the neck or jaw muscles. This mild tension profile often suggests a speaker who is deeply concentrating, slightly annoyed, or operating under minor psychological stress. The voice loses a fraction of its natural warmth due to this slight physical constriction.",fits,0,,0,,1,48249
a3-audit-1,voiceclap-a3-audit,rater_1,15,A3-C03,LAION-Got-Talent,S_CART,Cartoonish Style,7,6,"The speech transforms into a complex, impossible sound effect with violent pops, piercing whistles, and extreme vocal manipulation.",3,"The speech perfectly embodies a highly distinctive, deeply animated sitcom character voice that is entirely unique but still strictly bound by the acoustic physics of the human vocal tract. The speaker utilizes highly consistent, distinctly stylized vowel shapes or a highly specific, deeply recognizable pitch placement that instantly defines the character's persona. The delivery is highly professional, deeply colorful, and functionally grounded.",no,0,,1,reject,1,36748
a3-audit-1,voiceclap-a3-audit,rater_1,16,A3-234,Multilingual-Wild,S_CONV,Conversational Style,7,0,"The delivery is a rigid, aggressive monologue with no gaps for response, resembling a wall of sound.",2,"The acoustic output strongly resembles a theatrical soliloquy; the speaker is clearly thinking out loud, but is completely unconcerned with whether another person is actually listening. The intonation is highly internal and slightly wandering, lacking the sharp, outward-facing projection required to actively engage a conversational partner. The audio feels highly personal but distinctly disconnected.",partial,0,,0,,1,22627
a3-audit-1,voiceclap-a3-audit,rater_1,17,A3-002,EMOLIA-BAL,S_MONO,Monologue Style,7,2,"The monologue is introspective and detached, with a tone that suggests the speaker is thinking aloud without concern for the listener's immediate understanding.",2,"The acoustic profile captures a highly casual, completely unstructured moment of a person simply thinking out loud or gently reflecting while actively working on a physical task. The speaker's volume is slightly lowered, and the vocal tone is highly wandering, indicating that they are technically speaking to themselves but without any deep, highly emotional introspection. The delivery is highly natural, deeply mundane, and completely un-dramatic.",fits,0,,0,,1,41912
a3-audit-1,voiceclap-a3-audit,rater_1,18,A3-191,Majestrino,VFLX,Velocity Flux,7,3,"The pace of the speech remains steady and consistent throughout, with no noticeable acceleration or deceleration.",5,"The audio begins at a noticeably slow, deliberate pace and captures a clear, sustained acceleration across the full duration, with the speaker audibly speeding up from roughly 0.7x to 1.3x normal speed. The acoustic rhythm compresses progressively as the phrase progresses, driven by an escalating surge of energy or urgency. The temporal vector is distinctly forward-thrusting with an obvious speed buildup.",fits,0,,0,,1,25812
a3-audit-1,voiceclap-a3-audit,rater_1,19,A3-017,EMOLIA-BAL,AROU,Arousal,7,,"The arousal level remains extremely high, with a fast, energetic pace and dynamic vocal intensity that conveys urgency and enthusiasm.",3,"The audio captures the standard, baseline physiological energy level of a fully alert human engaged in a normal conversation. The speaker sounds entirely present, utilizing a healthy, balanced physical force that perfectly matches the conversational context. The autonomic nervous system is active, stable, and completely unexceptional.",partial,0,,0,,1,73427
a3-audit-1,voiceclap-a3-audit,rater_1,20,A3-222,Majestrino,ROUG,Roughness,7,2,"The vocal texture is smooth and even, without any noticeable roughness or vocal fry.",4,"The acoustic signal is heavily raspy and scratchy, revealing a highly weathered biological apparatus operating with significant internal friction. The vocal folds vibrate with a continuous, grinding noise floor, sounding like a speaker with a mild cold or a long-term smoking habit. This heavy grit is an inescapable, defining feature of the overall sonic footprint.",partial,0,,0,,1,38981
a3-audit-1,voiceclap-a3-audit,rater_1,21,A3-032,EMOLIA-BAL,R_NASL,Nasal Resonance,7,3,"There is a noticeable nasal coloring in the voice, making it sound higher and thinner than typical.",1,"The vocal delivery is completely clean and entirely devoid of any audible nasality, representing the absolute gold standard for clear, highly resonant broadcasting tone. The velum is perfectly raised, expertly directing the entire acoustic signal smoothly through the oral cavity without any high-frequency nasal leakage. The sound is rich, pure, and flawlessly balanced.",fits,0,,0,,1,33866
a3-audit-1,voiceclap-a3-audit,rater_1,22,A3-162,Majestrino,CHNK,Chunking,7,3,"Phrases are grouped into natural, conversational units with brief, regular pauses between them.",3,"The speech is grouped into natural, medium-length sentence-sized clauses that align perfectly with standard human breath cycles. Pauses occur naturally at grammatical boundaries, creating an easy-to-follow, balanced conversational rhythm. The respiratory management and acoustic spacing feel completely unremarkable and organically structured.",fits,0,,0,,2,58396
a3-audit-1,voiceclap-a3-audit,rater_1,23,A3-276,Multilingual-Wild,DARC,Dynamic Arc,7,,"The volume starts at a normal level and then drops to a soft, quiet whisper.",2,"The volume trajectory features a gentle, highly natural softening of acoustic power at the very end of the linguistic phrase. This minor dip in decibels is a standard, deeply organic human cadence used to gently signal the conclusion of a thought. The dynamic envelope 'lands' smoothly and softly without entirely losing its structural integrity.",fits,0,,0,,2,65663
a3-audit-1,voiceclap-a3-audit,rater_1,24,A3-025,EMOLIA-BAL,BRGT,Brightness,7,6,"The voice has a harsh, piercing quality with prominent high-frequency energy that feels abrasive and painful to the ears.",3,"The spectral balance represents the perfect, neutral baseline of natural human speech with an entirely even distribution of high and low frequencies. There is a highly functional mix of low-end body and high-end clarity that ensures perfect legibility without harshness. Sibilants and transients hit with standard, unexaggerated acoustic presence.",fits,0,,0,,1,52470
a3-audit-1,voiceclap-a3-audit,rater_1,25,A3-263,Multilingual-Wild,R_ORAL,Oral Resonance,7,3,"The articulation is clear and well-placed, with the mouth serving as the primary resonating chamber.",3,"The voice perfectly exemplifies the 'everyman' oral placement, utilizing the mouth as the highly balanced, primary acoustic resonating chamber. The vowels are cleanly shaped, the consonants are appropriately crisp, and the overall signal is exceptionally clear and easy to understand. It is the absolute, perfectly neutral baseline of standard human speech.",fits,0,,0,,1,43881
a3-audit-1,voiceclap-a3-audit,rater_1,26,A3-128,LAION-Got-Talent,EMPH,Emphasis,7,,"Key words are sharply emphasized with sudden increases in volume and pitch, creating a forceful and confrontational delivery.",5,"Content words are punched with aggressive, intense energy that aggressively forces the listener's attention to specific points. The emphasis pattern is highly percussive, utilizing sharp, forceful bursts of volume to highlight critical concepts. It is a commanding, highly active dynamic structure that bites through the audio mix.",fits,0,,0,,1,26907
a3-audit-1,voiceclap-a3-audit,rater_1,27,A3-003,EMOLIA-BAL,S_CONV,Conversational Style,7,3,"The delivery is highly interactive, with frequent micro-gaps and intonation lifts that invite listener feedback.",3,"The audio captures a perfectly standard, highly functional two-way conversational flow where the speaker actively and naturally shares the acoustic space. The delivery features highly subtle, perfectly timed micro-gaps and gentle intonation lifts designed specifically to allow the listener to nod, agree, or interject. The social rhythm is highly balanced, deeply respectful, and effortlessly interactive.",fits,0,,0,,1,37696
a3-audit-1,voiceclap-a3-audit,rater_1,28,A3-192,Majestrino,FULL,Fullness,7,,"The sound is full and rich, with a balanced spectral footprint that fills the acoustic space without feeling overwhelming.",3,"The audio features a solid, naturally healthy spectral bandwidth that feels organically complete and appropriately sized for a human speaker. It perfectly balances enough low-mid energy to sound grounded with enough high-end to sound distinctly realistic and present. The acoustic volume occupies a standard, highly comfortable amount of space.",fits,0,,0,,1,50732
a3-audit-1,voiceclap-a3-audit,rater_1,29,A3-029,EMOLIA-BAL,S_MONO,Monologue Style,7,0,"The speech is directed at an implied listener, with no indication of a monologue or internal thought being expressed aloud.",3,"The vocal delivery perfectly embodies the highly intimate, completely honest, and deeply unperformative tone of a person quietly reading a highly personal diary entry aloud. The speaker utilizes a highly soft, deeply vulnerable acoustic placement that completely strips away all social masks and formal projection. The audio is incredibly raw, highly private, and completely unconcerned with entertaining an external audience.",fits,0,,0,,1,48140
a3-audit-1,voiceclap-a3-audit,rater_1,30,A3-219,Majestrino,R_NASL,Nasal Resonance,7,3,"There is a distinct nasal coloring to the voice, making it sound higher and thinner than typical, with a slightly pinched quality.",3,"The acoustic profile features a distinctly obvious nasal coloring, making the fundamental tone sound significantly 'higher' and 'thinner' than its actual pitch. The voice strongly resembles a stereotypical, slightly pinched 'nerd' caricature, where a significant portion of the sound wave is constantly escaping through the nose. The overall delivery is noticeably bright and mildly squeezed.",fits,0,,0,,1,45813
a3-audit-1,voiceclap-a3-audit,rater_1,31,A3-041,EMOLIA-BAL,S_NEWS,Newsreader Style,7,1,"The speech lacks any urgency or projection, sounding like a casual, unstructured monologue with no broadcast energy.",4,"The speech features the highly polished, completely flawless delivery of a high-end studio news anchor operating with a perfectly 'neutral' broadcast accent. The speaker utilizes perfect, highly crisp diction and a deeply steady, highly predictable acoustic rhythm to effortlessly deliver complex information. The vocal tone is highly objective, deeply trustworthy, and perfectly structured.",fits,0,,0,,3,321006
a3-audit-1,voiceclap-a3-audit,rater_1,32,A3-169,Majestrino,STRU,Structure,7,,"The delivery lacks any logical progression or organization, consisting of a disjointed sequence of unrelated utterances without clear thematic or syntactic coherence.",3,"The speech maintains a basic, coherent logical flow that successfully moves from one idea to the next without losing the listener. The speaker utilizes standard conversational markers to link thoughts together in a naturally progressing chain. It is a functional, easily summarizable delivery of audio information.",fits,0,,0,,1,68803
a3-audit-1,voiceclap-a3-audit,rater_1,33,A3-001,EMOLIA-BAL,R_NASL,Nasal Resonance,7,3,"There is a noticeable nasal coloring to the voice, making it sound slightly higher and thinner than typical, with a pinched, cartoonish quality.",1,"The vocal delivery is completely clean and entirely devoid of any audible nasality, representing the absolute gold standard for clear, highly resonant broadcasting tone. The velum is perfectly raised, expertly directing the entire acoustic signal smoothly through the oral cavity without any high-frequency nasal leakage. The sound is rich, pure, and flawlessly balanced.",fits,0,,0,,1,23149
a3-audit-1,voiceclap-a3-audit,rater_1,34,A3-251,Multilingual-Wild,CLRT,Articulation Clarity,7,4,"Each word is clearly enunciated, with sharp consonants and distinct vowel sounds that make the message easy to follow.",5,"The articulation is incredibly precise and deliberate, with consonants carved out using high physical energy and perfectly shaped vowels. It has the sharp, commanding acoustic clarity of a classically trained stage actor or an elite broadcaster. Every acoustic boundary between sounds is meticulously managed and highly defined.",fits,0,,0,,1,51465
a3-audit-1,voiceclap-a3-audit,rater_1,35,A3-059,EMOLIA-BAL,AROU,Arousal,7,4,"The energy level remains high and engaged throughout, with a dynamic, impassioned delivery that conveys urgency and personal investment.",4,"The physiological activation is clearly elevated, driving the vocal apparatus with an energized, slightly urgent physical momentum. A perceptible 'hum' of high alertness buzzes through the audio, making the speech sound highly insistent, excited, or mildly anxious. The acoustic transients hit with noticeable, fast-paced physical force.",fits,0,,0,,1,31482
a3-audit-1,voiceclap-a3-audit,rater_1,36,A3-C10,LAION-Got-Talent,SMTH,Smoothness,7,5,"The rhythm is fluid and even, with no abrupt breaks or irregular timing patterns.",2,"The rhythmic grid is uneven and bumpy, characterized by frequent micro-hesitations and clumsy acoustic transitions. The speech lacks a steady, predictable pulse, sounding like an unprepared or organically flawed read. The acoustic envelope stumbles awkwardly from word to word without natural grace.",partial,0,,1,reject,1,35858
a3-audit-1,voiceclap-a3-audit,rater_1,37,A3-155,Majestrino,S_NEWS,Newsreader Style,7,4,"The speech is highly structured and objective, with a punchy, rhythmic delivery that mimics a professional news broadcast.",1,"The delivery is completely conversational and highly casual, sounding exactly like a person informally relaying a funny story to a close friend over drinks. The vocal tone entirely lacks the highly structured, deeply projected, and sharply objective acoustic markers required for a formal news read. The audio is highly relaxed, deeply subjective, and completely un-journalistic.",partial,0,,0,,1,92667
a3-audit-1,voiceclap-a3-audit,rater_1,38,A3-280,Multilingual-Wild,S_CASU,Casual Style,7,1,"The speech is highly formal and precise, with no slurring or relaxed pacing, indicating a serious and controlled delivery.",2,"The acoustic delivery is highly polite, distinctly friendly, but heavily guarded, perfectly capturing a standard, low-stakes interaction with a complete stranger. The speaker maintains a very safe, highly clear articulatory baseline without fully relaxing their physical posture or dropping their professional facade. The voice is functionally warm but completely lacks true, intimate looseness.",fits,0,,0,,1,47582
a3-audit-1,voiceclap-a3-audit,rater_1,39,A3-116,LAION-Got-Talent,VULN,Vulnerability,7,0,"The speaker's voice is completely impenetrable and heavily armored, projecting an absolute, unyielding emotional defense wall.",0,"The acoustic profile is completely impenetrable and heavily armored, projecting an absolute, unyielding emotional defense wall. The tone is hard, shiny, and highly guarded, mimicking the untouchable vocal posture of a mob boss or a drill sergeant where absolutely nothing emotional 'leaks out.' The psychological barrier is actively hostile to any connection.",fits,0,,0,,2,94961
a3-audit-1,voiceclap-a3-audit,rater_1,40,A3-288,Multilingual-Wild,S_NEWS,Newsreader Style,7,3,"The tone is objective and informative, with a slightly urgent, field-reporter-like energy that conveys immediacy.",1,"The delivery is completely conversational and highly casual, sounding exactly like a person informally relaying a funny story to a close friend over drinks. The vocal tone entirely lacks the highly structured, deeply projected, and sharply objective acoustic markers required for a formal news read. The audio is highly relaxed, deeply subjective, and completely un-journalistic.",fits,0,,0,,1,29081
a3-audit-1,voiceclap-a3-audit,rater_1,41,A3-111,LAION-Got-Talent,S_CART,Cartoonish Style,7,6,"The speech transforms into a complex, impossible sound effect with violent pops, piercing whistles, and extreme vocal manipulation.",5,"The delivery becomes completely zany and deeply chaotic, featuring a voice that actively and violently defies all standard laws of vocal physics and biological elasticity. The speaker executes highly rapid, completely jarring shifts from a massive, deeply guttural growl to an impossibly high, deeply piercing squeak within a single sentence. The acoustic performance is wildly unpredictable, highly extreme, and deeply exhausting.",fits,0,,0,,1,74283
a3-audit-1,voiceclap-a3-audit,rater_1,42,A3-246,Multilingual-Wild,S_AUTH,Authoritative Style,7,,"The speaker's tone is commanding and authoritative, projecting a sense of control and expectation of compliance.",4,"The vocal style is highly commanding and intensely projected, perfectly mimicking the loud, highly aggressive, and deeply forceful delivery of a police officer or military captain. The speaker utilizes highly shortened, deeply percussive sentences that physically strike the listener's ear, completely demanding immediate, highly absolute physical obedience. The acoustic posture is highly dominant, deeply intense, and entirely unyielding.",fits,0,,0,,1,25819
a3-audit-1,voiceclap-a3-audit,rater_1,43,A3-125,LAION-Got-Talent,S_WHIS,Whisper-Talk Style,7,3,"The vocal style is a highly aggressive 'stage whisper,' designed to be heard across a large room, with massive air pressure and sharp consonant articulation creating a piercing, intense acoustic effect.",0,"The vocal delivery is completely full-voiced, deeply ringing, and highly resonant, utilizing the absolute maximum, highly efficient vibration of the vocal folds to achieve massive, loud projection. The speaker completely fills the acoustic space with a completely uninhibited, deeply powerful fundamental tone that entirely lacks any breathy or unvoiced qualities. The audio is the absolute, highly robust antithesis of a quiet whisper.",partial,0,,0,,1,46398
a3-audit-1,voiceclap-a3-audit,rater_1,44,A3-013,EMOLIA-BAL,BRGT,Brightness,7,6,"The voice has a sharp, piercing quality with prominent high-frequency energy that feels harsh and sibilant.",4,"The high frequencies are distinctly well-defined and highly articulate, giving the voice a modern, crisp, and extremely present production quality. Every consonant slices through the audio mix with sharp transient clarity and beautifully distinct sibilance. The acoustic profile feels bright and forward without ever causing auditory fatigue.",fits,0,,0,,1,53366
a3-audit-1,voiceclap-a3-audit,rater_1,45,A3-225,Multilingual-Wild,BKGN,Background Noise,7,2,"The background is nearly silent, with only a faint, consistent room tone that does not interfere with the clarity of the speech.",1,"The background noise is almost entirely imperceptible, consisting only of the absolute faintest, microscopic trace of a high-quality room tone. The environmental isolation is incredibly strong, creating a highly focused acoustic space that remains deeply quiet without feeling completely unnatural or dead. The speaker's voice completely and effortlessly dominates the audio file.",fits,0,,0,,1,25019
a3-audit-1,voiceclap-a3-audit,rater_1,46,A3-085,LAION-Got-Talent,S_NEWS,Newsreader Style,7,1,"The news style is absent; the delivery is not punchy or objective, but rather deeply personal and emotionally driven.",2,"The acoustic profile captures the highly opinionated, distinctly loose, and slightly aggressive delivery typical of a modern YouTube commentator or amateur blogger. The speaker is highly energetic and completely legible, but heavily relies on a highly subjective, deeply informal vocal tone that entirely lacks traditional broadcast neutrality. The speech is highly engaging but strictly amateur in its journalistic posture.",fits,0,,0,,1,54433
a3-audit-1,voiceclap-a3-audit,rater_1,47,A3-211,Majestrino,EMPH,Emphasis,7,0,"There is no discernible emphasis on any particular word or phrase, as the volume and pitch are uniformly consistent.",1,"The emphasis is incredibly weak, with only the faintest, nearly undetectable shifts in volume or pitch to mark key words. The hierarchy of information is deeply buried, making it difficult to discern the core focus of the sentence through the audio alone. The dynamic delivery feels aimless and severely under-stressed.",fits,0,,0,,1,11008
a3-audit-1,voiceclap-a3-audit,rater_1,48,A3-049,EMOLIA-BAL,S_NEWS,Newsreader Style,7,3,"The speech is highly structured and objective, with a professional, slightly urgent tone typical of a field reporter.",2,"The acoustic profile captures the highly opinionated, distinctly loose, and slightly aggressive delivery typical of a modern YouTube commentator or amateur blogger. The speaker is highly energetic and completely legible, but heavily relies on a highly subjective, deeply informal vocal tone that entirely lacks traditional broadcast neutrality. The speech is highly engaging but strictly amateur in its journalistic posture.",fits,0,,0,,1,24820
a3-audit-1,voiceclap-a3-audit,rater_1,49,A3-113,LAION-Got-Talent,S_TECH,Teacher/Didactic Style,7,,"The speech is slow, fragmented, and filled with emotional pauses, making it difficult to follow or understand.",3,"The speech features the highly clear, deeply upbeat, and distinctly helpful vocal tone of an excellent, highly engaging modern YouTube tutorial or digital explainer. The speaker utilizes a highly friendly, deeply accessible acoustic rhythm, breaking down complex concepts with a bright, highly encouraging vocal placement. The delivery is highly effective, deeply welcoming, and perfectly paced.",fits,0,,0,,1,56154
a3-audit-1,voiceclap-a3-audit,rater_1,50,A3-273,Multilingual-Wild,VFLX,Velocity Flux,7,3,"The pace of the speech remains consistently slow and deliberate throughout, with no noticeable acceleration or deceleration.",4,"The speech trajectory features a subtle, natural forward lean, beginning slightly slower than normal and gently pushing the tempo faster as the phrase concludes. This mild acceleration from about 0.9x to 1.1x normal speed suggests a rising tide of engagement or growing confidence. The acoustic momentum subtly builds, creating a gently forward-moving vector.",fits,0,,0,,1,22734
a3-audit-1,voiceclap-a3-audit,rater_1,51,A3-207,Majestrino,R_MIXD,Mixed Resonance,7,3,"The voice blends chest and head resonance smoothly, creating a connected and balanced sound.",3,"The voice demonstrates a highly connected, perfectly standard level of speech-level mixing, successfully uniting the chest and head into one cohesive biological instrument. The acoustic transition between low and high frequencies is highly smooth, completely hiding the mechanical 'break' in the vocal folds. It is a highly reliable, completely healthy, and functionally unified vocal tone.",fits,0,,0,,1,67248
a3-audit-1,voiceclap-a3-audit,rater_1,52,A3-038,EMOLIA-BAL,CLRT,Articulation Clarity,7,,"The articulation is clear and precise, with well-defined consonants and vowels that are easy to distinguish.",4,"Every syllable is pronounced with crisp, distinct clarity, ensuring highly intelligible and clean phoneme boundaries. The consonants have a clear, precise bite, typical of a high-quality, professional narrator focused on maximum audio legibility. The delivery is sharp and clean without crossing into artificial exaggeration.",fits,0,,0,,1,15236
a3-audit-1,voiceclap-a3-audit,rater_1,53,A3-262,Multilingual-Wild,ATCK,Attack,7,,"The onset of each phrase is sharp and forceful, with a sudden, aggressive attack that emphasizes the speaker's frustration.",3,"The audio features a perfectly neutral, highly standard conversational onset that is appropriately confident without sounding physically aggressive. The vocal folds close with a healthy, completely unremarkable firmness that cleanly establishes the exact start of the acoustic phrase. It represents the highly functional, perfectly balanced baseline of healthy human speech initiation.",fits,0,,0,,1,21789
a3-audit-1,voiceclap-a3-audit,rater_1,54,A3-011,EMOLIA-BAL,RANG,Pitch Range,7,,"The pitch moves in a wide, exaggerated range, with dramatic rises and falls that create a theatrical, almost cartoonish effect.",4,"The pitch moves expressively across a wide range of notes, actively utilizing significant fundamental frequency highs and lows to project personality. The voice sounds lively, colorful, and deeply engaged, creating a dynamic and engaging melodic map. The sweeping pitch jumps clearly highlight the emotional intent of the speaker.",fits,0,,0,,1,69711
a3-audit-1,voiceclap-a3-audit,rater_1,55,A3-253,Multilingual-Wild,R_CHST,Chest Resonance,7,,"The voice carries a deep, rumbling quality that vibrates strongly in the chest, giving it a powerful and grounded presence.",2,"The voice utilizes a standard, lighter speaking resonance where the chest is only mildly participating in the overall acoustic output. The sound is predominantly centered in the mouth, offering just enough low-mid frequency support to sound functionally human without projecting heavy warmth. It is a highly common, slightly physically detached conversational tone.",partial,0,,0,,1,15954
a3-audit-1,voiceclap-a3-audit,rater_1,56,A3-153,Majestrino,S_MONO,Monologue Style,7,,"The speaker maintains a detached, monologue-style delivery, speaking as if addressing an unseen audience with no direct interaction or emotional engagement.",1,"The delivery is a highly projected, deeply public formal address, sounding exactly like a highly confident politician or leader delivering a massive speech to a huge crowd. While the speaker is technically the only person talking, the vocal tone is entirely outward-facing, highly performative, and distinctly designed to actively manipulate the emotions of a massive audience. The audio is completely public, deeply loud, and totally un-intimate.",fits,0,,0,,1,22136
a3-audit-1,voiceclap-a3-audit,rater_1,57,A3-054,EMOLIA-BAL,CHNK,Chunking,7,2,"The speaker uses short, punchy phrases with minimal pauses, creating a sense of continuous momentum.",2,"Breath units are consistently shorter than natural phrasing, characterized by cautious, highly separated groupings of words. The speaker frequently pauses after small clauses, breaking the sentence into small, easily digestible acoustic blocks. This results in a pedantic, heavily segmented delivery style that feels artificially paced.",fits,0,,0,,1,19530
a3-audit-1,voiceclap-a3-audit,rater_1,58,A3-204,Majestrino,COGL,Cognitive Load,7,4,"The delivery is fragmented and hesitant, with frequent pauses and false starts that strongly suggest the speaker is deeply preoccupied with internal thought processes.",3,"The speaker's real-time mental processing becomes audibly noticeable, creating an uneven acoustic rhythm as they actively build their sentences block by block. There is a distinct 'searching' quality in the voice, accompanied by minor hesitations that reveal the brain working to organize the logic. The cognitive load is elevated but successfully managed.",fits,0,,0,,1,18432
a3-audit-1,voiceclap-a3-audit,rater_1,59,A3-093,LAION-Got-Talent,VALS,Valence Shift,7,3,The emotional polarity remains absolutely stable and heavily sustained throughout the entire duration of the targeted audio clip.,2,"The emotional arc features a subtle, highly perceptible clouding of the initial positive or perfectly neutral affective baseline. A distinct hint of worry, minor disappointment, or mild unease slowly creeps into the final acoustic phrases, gently pulling the mood slightly downward. The psychological vector leans gently but completely undeniably toward the negative.",fits,0,,0,,1,53486
a3-audit-1,voiceclap-a3-audit,rater_1,60,A3-034,EMOLIA-BAL,AROU,Arousal,7,1,"The arousal level remains low throughout, with no noticeable spikes in energy or intensity, reflecting a state of physical and mental fatigue.",3,"The audio captures the standard, baseline physiological energy level of a fully alert human engaged in a normal conversation. The speaker sounds entirely present, utilizing a healthy, balanced physical force that perfectly matches the conversational context. The autonomic nervous system is active, stable, and completely unexceptional.",fits,0,,0,,1,30231
a3-audit-1,voiceclap-a3-audit,rater_1,61,A3-256,Multilingual-Wild,R_THRT,Throat Resonance,7,2,"The throat resonance is present but not dominant, adding a subtle darkness without overwhelming the clarity of the speech.",1,"The voice exhibits only the absolute faintest, microscopic trace of coloring in the back of the throat, perhaps indicating very mild vocal fatigue. The primary resonance remains highly forward and clear, with the pharyngeal cavity barely influencing the overall acoustic geometry. The subtle darkness is almost entirely negligible.",fits,0,,0,,1,19777
a3-audit-1,voiceclap-a3-audit,rater_1,62,A3-182,Majestrino,CHNK,Chunking,7,3,"The speaker groups words into short, controlled phrases with natural pauses, creating a measured and thoughtful rhythm.",3,"The speech is grouped into natural, medium-length sentence-sized clauses that align perfectly with standard human breath cycles. Pauses occur naturally at grammatical boundaries, creating an easy-to-follow, balanced conversational rhythm. The respiratory management and acoustic spacing feel completely unremarkable and organically structured.",fits,0,,0,,2,131529
a3-audit-1,voiceclap-a3-audit,rater_1,63,A3-268,Multilingual-Wild,S_STRY,Storytelling Style,7,3,"The vocal performance features a rhythmic, suspense-building cadence with deliberate pauses and a warm, engaging tone.",3,"The vocal delivery perfectly embodies the highly engaging, deeply hypnotic 'campfire' storytelling tone, heavily utilizing deeply deliberate, highly pregnant pauses to build massive acoustic suspense. The speaker's voice possesses a highly distinct, deeply rhythmic lilt, gently pulling the listener into the narrative with a highly warm, distinctly theatrical vocal placement. The audio is deeply captivating, highly structured, and beautifully paced.",fits,0,,0,,1,32472
a3-audit-1,voiceclap-a3-audit,rater_1,64,A3-028,EMOLIA-BAL,CHNK,Chunking,7,2,"Phrases are grouped into short, punchy units with brief, natural pauses between them, creating a dynamic rhythm.",3,"The speech is grouped into natural, medium-length sentence-sized clauses that align perfectly with standard human breath cycles. Pauses occur naturally at grammatical boundaries, creating an easy-to-follow, balanced conversational rhythm. The respiratory management and acoustic spacing feel completely unremarkable and organically structured.",partial,0,,0,,2,53979
a3-audit-1,voiceclap-a3-audit,rater_1,65,A3-252,Multilingual-Wild,ARSH,Arousal Shift,7,3,"The speaker's energy level remains stable and consistent, showing no signs of increasing or decreasing arousal.",3,"The autonomic activation level remains entirely static and completely constant, demonstrating exactly zero change in baseline physiological arousal. The exact energy level at the start of the clip is perfectly mirrored at the end, firmly locking the speaker into an unyielding physical state. The biological engine neither revs up nor physically spins down.",fits,0,,0,,1,26986
a3-audit-1,voiceclap-a3-audit,rater_1,66,A3-008,EMOLIA-BAL,ROUG,Roughness,7,2,"The vocal texture is generally smooth, with occasional moments of mild roughness that suggest natural vocal fry.",4,"The acoustic signal is heavily raspy and scratchy, revealing a highly weathered biological apparatus operating with significant internal friction. The vocal folds vibrate with a continuous, grinding noise floor, sounding like a speaker with a mild cold or a long-term smoking habit. This heavy grit is an inescapable, defining feature of the overall sonic footprint.",fits,0,,0,,1,24249
a3-audit-1,voiceclap-a3-audit,rater_1,67,A3-084,LAION-Got-Talent,FOCS,Focus,7,,"The speaker's attention is intensely focused on the listener, creating an intimate, almost invasive presence that feels like a direct, unrelenting psychological confrontation.",4,"The speaker employs clear, highly engaged 'Direct Address,' actively ensuring their acoustic energy firmly lands on the listener. The voice possesses a strong forward projection that metaphorically 'looks' right at the audience, demanding their attention and cognitive participation. The interpersonal connection is tight, highly active, and deeply communicative.",fits,0,,0,,1,21867
a3-audit-1,voiceclap-a3-audit,rater_1,68,A3-018,EMOLIA-BAL,S_CONV,Conversational Style,7,3,"The delivery is a perfectly standard, highly functional two-way conversational flow where the speaker actively and naturally shares the acoustic space.",3,"The audio captures a perfectly standard, highly functional two-way conversational flow where the speaker actively and naturally shares the acoustic space. The delivery features highly subtle, perfectly timed micro-gaps and gentle intonation lifts designed specifically to allow the listener to nod, agree, or interject. The social rhythm is highly balanced, deeply respectful, and effortlessly interactive.",fits,0,,0,,1,31887
a3-audit-1,voiceclap-a3-audit,rater_1,69,A3-135,LAION-Got-Talent,TENS,Tension,7,6,"The voice exhibits extreme muscular tension, with a rigid, constricted quality that distorts the vocal folds and produces a strained, cracking delivery.",1,"The throat and jaw muscles are highly loose and comfortable, producing a deeply warm, physically effortless vocal tone. There is absolutely no noticeable constriction in the biological pipeline, allowing the audio to resonate with a highly pleasing, 'open' acoustic geometry. The speech is physically incredibly easy to produce.",partial,0,,0,,2,120395
a3-audit-1,voiceclap-a3-audit,rater_1,70,A3-271,Multilingual-Wild,BRGT,Brightness,7,4,"The voice has a bright, clear quality with strong high-frequency presence, making sibilants and consonants sharply defined.",2,"High-frequency energy is present but gently attenuated, resulting in a warm, rounded, and earthy acoustic profile. This slight treble suppression creates a pleasingly smooth, vintage sound that lacks modern analytical crispness but is exceptionally easy on the ears. Sibilance is naturally controlled and softly absorbed into the frequency mix.",fits,0,,0,,1,59808
a3-audit-1,voiceclap-a3-audit,rater_1,71,A3-064,EMOLIA-BAL,S_MONO,Monologue Style,7,3,"The vocal style is deeply introspective, with a soft, vulnerable tone that suggests the speaker is sharing private thoughts in a moment of solitude.",3,"The vocal delivery perfectly embodies the highly intimate, completely honest, and deeply unperformative tone of a person quietly reading a highly personal diary entry aloud. The speaker utilizes a highly soft, deeply vulnerable acoustic placement that completely strips away all social masks and formal projection. The audio is incredibly raw, highly private, and completely unconcerned with entertaining an external audience.",fits,0,,0,,1,33353
a3-audit-1,voiceclap-a3-audit,rater_1,72,A3-250,Multilingual-Wild,VOLT,Volatility,7,,"The emotional state is highly unstable, with rapid and violent shifts between extreme affective states, creating a chaotic and disorienting acoustic profile.",6,"The emotional state is completely chaotic and deeply shattered, featuring violent, rapid-fire affective switching that fundamentally destabilizes the entire acoustic signal. The speaker cycles through manic, extreme emotional extremes every few seconds, entirely destroying any sense of a consistent psychological baseline. The audio is a terrifying, highly volatile map of total emotional collapse.",fits,0,,0,,1,31725
a3-audit-1,voiceclap-a3-audit,rater_1,73,A3-150,Majestrino,R_THRT,Throat Resonance,7,2,"The throat resonance is present but not dominant, adding a subtle depth without creating a guttural or swallowed effect.",1,"The voice exhibits only the absolute faintest, microscopic trace of coloring in the back of the throat, perhaps indicating very mild vocal fatigue. The primary resonance remains highly forward and clear, with the pharyngeal cavity barely influencing the overall acoustic geometry. The subtle darkness is almost entirely negligible.",fits,0,,0,,1,40088
a3-audit-1,voiceclap-a3-audit,rater_1,74,A3-089,LAION-Got-Talent,S_MONO,Monologue Style,7,4,"The monologue is introspective and detached, with the speaker speaking in a reflective, almost theatrical manner that suggests a deep internal narrative.",0,"The speech is an incredibly active, highly engaged, and deeply interactive dialogue, featuring a speaker distinctly talking directly to a partner, actively waiting for answers, and highly focused on reading facial cues. The vocal tone is completely outward-facing, highly social, and entirely dependent on the continuous acoustic and emotional feedback of the listener. The audio is the absolute, highly collaborative antithesis of an isolated monologue.",fits,0,,0,,1,12059
a3-audit-1,voiceclap-a3-audit,rater_1,75,A3-206,Majestrino,R_THRT,Throat Resonance,7,,"There is a noticeable throatiness in the sound, giving it a slightly dark and guttural quality.",2,"A distinctly noticeable pharyngeal resonance pulls the voice slightly backward, preventing the acoustic signal from achieving full, forward oral projection. The fundamental tone sounds subtly 'thick' and slightly muffled, as if the speaker is holding the sound too far back in their neck. The resulting audio is functionally intelligible but slightly physically trapped.",fits,0,,0,,1,17844
a3-audit-1,voiceclap-a3-audit,rater_1,76,A3-014,EMOLIA-BAL,CLRT,Articulation Clarity,7,3,"Consonants and vowels are clearly defined, making the speech easy to understand without strain.",2,"The articulation is consistently soft and overly relaxed, lacking the crisp transient edges typical of active communication. While most words are intelligible, the overall delivery is mushy, similar to tired, domestic mumble-core speech. The vocal apparatus is applying minimal physical effort to shape the sound waves.",fits,0,,0,,1,20951
a3-audit-1,voiceclap-a3-audit,rater_1,77,A3-C16,LAION-Got-Talent,S_MONO,Monologue Style,7,4,"The monologue is introspective and detached, with the speaker speaking in a reflective, almost theatrical manner that suggests a deep internal narrative.",4,"The speech is a highly dramatic, deeply intense theatrical soliloquy, perfectly capturing a highly skilled actor painfully processing massive, heavy emotions completely alone on a dark stage. The speaker utilizes highly powerful, deeply sweeping dynamic shifts and a highly resonant, deeply emotional vocal tone to fully explore their deepest, darkest internal thoughts. The delivery is highly performed, deeply tragic, and totally isolated.",partial,0,,1,reject,1,28821
a3-audit-1,voiceclap-a3-audit,rater_1,78,A3-000,EMOLIA-BAL,S_AUTH,Authoritative Style,7,3,"The speaker's delivery is commanding and authoritative, with a deep, resonant voice that projects confidence and control.",2,"The acoustic profile captures a highly balanced, completely egalitarian interaction among absolute peers, where the speaker confidently offers a suggestion without demanding compliance. The vocal tone is completely firm and highly clear, but entirely lacks the heavy, downward-inflected acoustic weight required to issue a true command. The social dynamic is highly cooperative and strictly horizontal.",fits,0,,0,,1,17639
a3-audit-1,voiceclap-a3-audit,rater_1,79,A3-152,Majestrino,FOCS,Focus,7,6,"The delivery is intensely focused on the listener, creating an overwhelming, hypnotic presence that feels invasive and all-consuming.",1,"The delivery is completely emotionally detached and highly impersonal, resembling someone coldly reading a script into an empty void. While the voice is technically audible, the 'soul' of the speaker is entirely disconnected from the listener, producing a chillingly distant acoustic profile. There is absolutely zero interpersonal 'reach' in the audio wave.",partial,0,,0,,1,18073
a3-audit-1,voiceclap-a3-audit,rater_1,80,A3-066,EMOLIA-BAL,S_CART,Cartoonish Style,7,4,"The voice is animated and stylized, featuring exaggerated pitch and rhythm typical of a cartoon character.",3,"The speech perfectly embodies a highly distinctive, deeply animated sitcom character voice that is entirely unique but still strictly bound by the acoustic physics of the human vocal tract. The speaker utilizes highly consistent, distinctly stylized vowel shapes or a highly specific, deeply recognizable pitch placement that instantly defines the character's persona. The delivery is highly professional, deeply colorful, and functionally grounded.",fits,0,,0,,1,32290
a3-audit-1,voiceclap-a3-audit,rater_1,81,A3-195,Majestrino,TEMP,Tempo,7,1,"The speech is delivered at a slow and deliberate pace, with each word clearly enunciated and spaced out for emphasis.",0,"The speech is glacially slow, with syllables stretched to their absolute breaking point to create a near-static acoustic environment. Each isolated word floats in heavy silence, lacking standard linguistic momentum. The fundamental velocity of the vocal apparatus is labored and drawn out, making the linguistic content nearly unrecognizable.",fits,0,,0,,1,9850
a3-audit-1,voiceclap-a3-audit,rater_1,82,A3-287,Multilingual-Wild,METL,Metallic Character,7,3,"There is a slight firmness in the vocal delivery, giving it a slightly hard, tense quality, as if the speaker is holding back emotion.",1,"The acoustic output is deeply grounded in a soft, earthy resonance with only the absolute minimal, microscopic trace of any metallic ping. The sound wave is highly natural, prioritizing a warm, fleshy biological dampening over hard, reflective acoustic amplification. The voice feels intimately human and completely devoid of artificial stiffness.",fits,0,,0,,1,9310
a3-audit-1,voiceclap-a3-audit,rater_1,83,A3-202,Majestrino,AROU,Arousal,7,3,"The speaker's energy level is moderate, consistent with a calm and composed delivery.",1,"The vocal energy is extremely low, characterized by a highly sedate, physically relaxed, and carefully muted acoustic delivery. Everything in the biological apparatus is slowed down, mirroring a deep meditative state or an incredibly quiet, hushed 'library' environment. The overall sound wave is deeply subdued and gentle.",fits,0,,0,,1,18953
a3-audit-1,voiceclap-a3-audit,rater_1,84,A3-297,Multilingual-Wild,ROUG,Roughness,7,,"The vocal texture is smooth and even, with no noticeable roughness or vocal fry, indicating healthy vocal production.",2,"The voice features the standard, healthy level of organic texture typical of everyday human speech and natural biology. A slight, highly natural acoustic 'bite' prevents the tone from sounding synthetic, rooting the vocal production in grounded human reality. There is no distracting grit, fry, or harshness present in the highly stable signal.",fits,0,,0,,1,18097
a3-audit-1,voiceclap-a3-audit,rater_1,85,A3-012,EMOLIA-BAL,S_NEWS,Newsreader Style,7,4,"The delivery is punchy and objective, with a professional, news-style cadence and clear articulation.",2,"The acoustic profile captures the highly opinionated, distinctly loose, and slightly aggressive delivery typical of a modern YouTube commentator or amateur blogger. The speaker is highly energetic and completely legible, but heavily relies on a highly subjective, deeply informal vocal tone that entirely lacks traditional broadcast neutrality. The speech is highly engaging but strictly amateur in its journalistic posture.",fits,0,,0,,1,19460
a3-audit-1,voiceclap-a3-audit,rater_1,86,A3-237,Multilingual-Wild,S_MONO,Monologue Style,7,0,"The speaker is engaged in a direct, interactive dialogue, responding to a listener's action with immediate acknowledgment.",2,"The acoustic profile captures a highly casual, completely unstructured moment of a person simply thinking out loud or gently reflecting while actively working on a physical task. The speaker's volume is slightly lowered, and the vocal tone is highly wandering, indicating that they are technically speaking to themselves but without any deep, highly emotional introspection. The delivery is highly natural, deeply mundane, and completely un-dramatic.",fits,0,,0,,1,35421
a3-audit-1,voiceclap-a3-audit,rater_1,87,A3-178,Majestrino,BKGN,Background Noise,7,3,"A steady, low-level room ambience is present, suggesting an untreated indoor space.",3,"The audio contains a distinctly noticeable, clearly audible room ambience that actively reveals the physical size and acoustic reflections of the recording space. The listener can easily detect the steady, low-level hum of air conditioning, the faint drone of distant traffic, or the slight echo of an untreated room. The background is completely present but remains strictly secondary to the voice.",fits,0,,0,,1,16343
a3-audit-1,voiceclap-a3-audit,rater_1,88,A3-120,LAION-Got-Talent,AROU,Arousal,7,2,"The vocal energy remains low and controlled throughout, with no signs of heightened arousal, suggesting a state of calm but intense internal tension.",3,"The audio captures the standard, baseline physiological energy level of a fully alert human engaged in a normal conversation. The speaker sounds entirely present, utilizing a healthy, balanced physical force that perfectly matches the conversational context. The autonomic nervous system is active, stable, and completely unexceptional.",fits,0,,0,,1,36262
a3-audit-1,voiceclap-a3-audit,rater_1,89,A3-261,Multilingual-Wild,TEMP,Tempo,7,3,"The speech is delivered at a moderate, conversational pace with no noticeable acceleration or deceleration.",2,"The vocal delivery is relaxed and unhurried, moving at a pace slightly below the conversational average but maintaining functional momentum. Syllables are articulated comfortably without any sense of compression, rush, or artificial urgency. The overall acoustic speed is comparable to a gentle storyteller or a patient teacher explaining a concept.",fits,0,,0,,1,12084
a3-audit-1,voiceclap-a3-audit,rater_1,90,A3-107,LAION-Got-Talent,GEND,Perceived Gender,7,1,"The voice is clearly female, with a bright, high-pitched quality that aligns with a young adult female speaker.",2,"The voice is predominantly feminine but exhibits subtle neutral or slightly darkened resonant qualities in its acoustic profile. It operates at a slightly lower fundamental frequency, resembling a female alto or a speaker with a marginally larger perceived vocal tract. The tonal weight is slightly thicker than standard feminine speech, adding a gentle acoustic warmth.",fits,0,,0,,1,13173
a3-audit-1,voiceclap-a3-audit,rater_1,91,A3-230,Multilingual-Wild,FOCS,Focus,7,6,"The speaker's attention is intensely focused on the listener, creating a hypnotic, intimate atmosphere where the listener feels completely absorbed and psychologically invaded by the speaker's presence.",3,"The audio captures a standard, polite interactional focus where the speaker is casually aware of the listener without applying intense psychological pressure. The vocal energy is appropriately directed outward, maintaining a comfortable, socially standard interpersonal connection. The acoustic projection is functional, balanced, and appropriately present.",fits,0,,0,,1,24459
a3-audit-1,voiceclap-a3-audit,rater_1,92,A3-036,EMOLIA-BAL,CHNK,Chunking,7,2,"The speaker groups words into short, breath-separated phrases, creating a fragmented and hesitant flow.",1,"The audio consists of very short, choppy two-word bursts that create a percussive, stop-and-go rhythmic structure. Every minor thought is separated by distinct, unnecessary pauses that completely interrupt the natural breathing cycle. The overall acoustic effect is highly disjointed and lacks any continuous flow.",fits,0,,0,,1,22222
a3-audit-1,voiceclap-a3-audit,rater_1,93,A3-189,Majestrino,S_TECH,Teacher/Didactic Style,7,,"The speech is delivered in a measured, explanatory manner, suggesting a didactic intent.",2,"The acoustic profile perfectly captures the highly dry, deeply monotone, and incredibly boring delivery of an uninspired, deeply detached university professor. The speaker executes a massive, highly flat acoustic data dump, completely ignoring the emotional engagement or active comprehension of the listener. The vocal tone is completely sterile, highly academic, and deeply un-engaging.",fits,0,,0,,1,32401
a3-audit-1,voiceclap-a3-audit,rater_1,94,A3-092,LAION-Got-Talent,CLRT,Articulation Clarity,7,4,"Every consonant and vowel is sharply defined, resulting in exceptionally clear and precise articulation.",4,"Every syllable is pronounced with crisp, distinct clarity, ensuring highly intelligible and clean phoneme boundaries. The consonants have a clear, precise bite, typical of a high-quality, professional narrator focused on maximum audio legibility. The delivery is sharp and clean without crossing into artificial exaggeration.",fits,0,,0,,1,18152
a3-audit-1,voiceclap-a3-audit,rater_1,95,A3-269,Multilingual-Wild,S_CART,Cartoonish Style,7,4,"The voice is highly stylized, featuring exaggerated pitch jumps and a whimsical, animated quality that defies normal human vocal range.",4,"The vocal style is intensely wacky, highly energetic, and deeply exaggerated, heavily utilizing highly funny, completely unnatural biological noises and rapid, extreme pitch shifting. The speaker completely abandons standard human resonance, producing a highly bright, deeply squawking, or intensely rubbery acoustic signal typical of a high-energy children's cartoon. The audio is wildly colorful, highly elastic, and deeply un-natural.",fits,0,,0,,1,15331
a3-audit-1,voiceclap-a3-audit,rater_1,96,A3-047,EMOLIA-BAL,RANG,Pitch Range,7,4,"The pitch moves in a wide, expressive range, with noticeable rises and falls that emphasize key points.",4,"The pitch moves expressively across a wide range of notes, actively utilizing significant fundamental frequency highs and lows to project personality. The voice sounds lively, colorful, and deeply engaged, creating a dynamic and engaging melodic map. The sweeping pitch jumps clearly highlight the emotional intent of the speaker.",fits,0,,0,,2,46993
a3-audit-1,voiceclap-a3-audit,rater_1,97,A3-278,Multilingual-Wild,EXPL,Content Appropriateness,3,0,"The content is appropriate for a general audience, containing no explicit or inappropriate material.",0,"Safe for School (SFS): Content is completely harmless and suitable for a K-12 classroom. Normal conversation, educational content, or everyday topics. No intense violence, no sexuality beyond age-appropriate mention. Mild language at worst (PG-13). A teacher could play this in class without any concern.",fits,0,,0,,1,18237
a3-audit-1,voiceclap-a3-audit,rater_1,98,A3-015,EMOLIA-BAL,S_NEWS,Newsreader Style,7,3,"The delivery is objective and informative, with a professional, slightly urgent tone typical of a news report.",1,"The delivery is completely conversational and highly casual, sounding exactly like a person informally relaying a funny story to a close friend over drinks. The vocal tone entirely lacks the highly structured, deeply projected, and sharply objective acoustic markers required for a formal news read. The audio is highly relaxed, deeply subjective, and completely un-journalistic.",no,0,,0,,1,72683
a3-audit-1,voiceclap-a3-audit,rater_1,99,A3-100,LAION-Got-Talent,RANG,Pitch Range,7,4,"The pitch moves in a wide, expressive range, with noticeable rises and falls that emphasize key moments.",4,"The pitch moves expressively across a wide range of notes, actively utilizing significant fundamental frequency highs and lows to project personality. The voice sounds lively, colorful, and deeply engaged, creating a dynamic and engaging melodic map. The sweeping pitch jumps clearly highlight the emotional intent of the speaker.",fits,0,,0,,1,22895
a3-audit-1,voiceclap-a3-audit,rater_1,100,A3-016,EMOLIA-BAL,R_NASL,Nasal Resonance,7,3,"There is a consistent nasal coloring to the tone, making the voice sound slightly pinched and higher than it might otherwise be.",2,"A highly slight, highly natural acoustic 'twang' subtly colors the voice, introducing a gentle brightness commonly found in American Midwest or Australian dialects. This minor nasal involvement adds a distinct, highly recognizable character to the vowels without compromising the overall clarity or warmth of the speech. The resonance remains deeply functional and culturally standard.",fits,0,,0,,1,25118
a3-audit-1,voiceclap-a3-audit,rater_2,1,A3-156,Majestrino,TENS,Tension,7,,"There is a persistent sense of muscular tightness in the vocal tract, with the voice sounding strained and constricted throughout.",3,"A faint acoustic 'edge' or mild muscular squeeze becomes audible, indicating a subtle tightening of the neck or jaw muscles. This mild tension profile often suggests a speaker who is deeply concentrating, slightly annoyed, or operating under minor psychological stress. The voice loses a fraction of its natural warmth due to this slight physical constriction.",fits,0,,0,,2,36936
a3-audit-1,voiceclap-a3-audit,rater_2,2,A3-109,LAION-Got-Talent,S_RANT,Ranting/Angry Style,7,3,"The delivery is highly energetic and fast-paced, resembling a rapid venting session with a continuous, rhythmic flow that effectively releases pent-up tension.",1,"The speech is completely calm, highly rational, and deeply polite, featuring a speaker distinctly stating a clear disagreement without allowing any aggressive emotion to leak into the audio. The vocal tone remains highly flat, completely objective, and entirely devoid of any raised volume, sharp transients, or highly heated rhythmic momentum. The delivery is completely controlled, highly professional, and entirely un-angry.",partial,0,,0,,1,36612
a3-audit-1,voiceclap-a3-audit,rater_2,3,A3-284,Multilingual-Wild,HARM,Harmonicity,7,3,"The voice maintains a clear and stable pitch throughout, with a natural and consistent harmonic structure.",3,"The signal achieves the standard, healthy ratio of periodic tone to aperiodic noise characteristic of normal human speaking voices. The fundamental pitch is solid and highly clear, acting as the primary acoustic carrier while only a negligible, natural amount of breath noise escapes. The vocal fold closure is biologically balanced and perfectly functional.",partial,0,,0,,1,32408
a3-audit-1,voiceclap-a3-audit,rater_2,4,A3-115,LAION-Got-Talent,AGEV,Voice Age,7,4,"The vocal characteristics suggest a speaker in her late twenties to early thirties, with a fully mature but still agile vocal tract.",4,"The acoustic signature reflects a fully developed, mature adult, characterized by a highly settled, grounded, and authoritative resonant weight. The vocal folds exhibit a very slight, natural thickening, which adds a warm, robust low-mid frequency presence to the audio. The overall physical support is incredibly stable, projecting a commanding and complete spectral profile.",fits,0,,0,,1,38692
a3-audit-1,voiceclap-a3-audit,rater_2,5,A3-266,Multilingual-Wild,CHNK,Chunking,7,,"The speaker groups words into short, controlled phrases with brief, intentional pauses between them.",3,"The speech is grouped into natural, medium-length sentence-sized clauses that align perfectly with standard human breath cycles. Pauses occur naturally at grammatical boundaries, creating an easy-to-follow, balanced conversational rhythm. The respiratory management and acoustic spacing feel completely unremarkable and organically structured.",partial,0,,0,,1,21238
a3-audit-1,voiceclap-a3-audit,rater_2,6,A3-218,Majestrino,R_CHST,Chest Resonance,7,4,"The voice carries a deep, resonant warmth that vibrates strongly in the chest, giving it a grounded and full-bodied quality.",2,"The voice utilizes a standard, lighter speaking resonance where the chest is only mildly participating in the overall acoustic output. The sound is predominantly centered in the mouth, offering just enough low-mid frequency support to sound functionally human without projecting heavy warmth. It is a highly common, slightly physically detached conversational tone.",partial,0,,0,,1,15914
a3-audit-1,voiceclap-a3-audit,rater_2,7,A3-285,Multilingual-Wild,VALS,Valence Shift,7,3,"The emotional tone remains neutral and informative from start to finish, with no noticeable change in valence.",6,"The emotional arc executes an extreme, completely euphoric redemption, rapidly launching the speaker from deep despair into absolute, manic joy. The psychological state violently swings from highly negative to totally ecstatic in a single, massive, and highly explosive acoustic trajectory. The audio captures a burst of highly overwhelming, completely unexpected emotional delight.",no,0,,0,,1,30502
a3-audit-1,voiceclap-a3-audit,rater_2,8,A3-212,Majestrino,DFLU,Disfluency,7,0,"There are no fillers, hesitations, or self-corrections, resulting in a perfectly smooth and uninterrupted flow.",1,"The delivery is highly polished and professional, containing perhaps only a single, negligible micro-hesitation in a long stream of speech. The linguistic output is exceptionally clean, indicating a highly prepared and focused speaker. There is almost no acoustic junk interrupting the primary message.",fits,0,,0,,1,21732
a3-audit-1,voiceclap-a3-audit,rater_2,9,A3-260,Multilingual-Wild,STNC,Stance,7,5,"The delivery is forceful and commanding, with a loud, projected voice that dominates the acoustic space, leaving no room for the listener to respond.",2,"The speaker adopts a highly cooperative, friendly, and open tone that actively invites back-and-forth exchange. The acoustic markers suggest a balanced, polite awareness of a conversational partner, utilizing warm intonation to share the space. It is an inviting, egalitarian vocal stance.",partial,0,,0,,1,31708
a3-audit-1,voiceclap-a3-audit,rater_2,10,A3-160,Majestrino,S_CART,Cartoonish Style,7,,"The voice is a highly exaggerated, cartoonish caricature with impossible pitch jumps, percussive pops, and piercing whistles that defy human vocal limits.",2,"The acoustic profile features a highly slight, distinctly noticeable 'put-on' character voice, perfectly mimicking a person casually performing a mild impression at a highly relaxed party. The speaker slightly alters their natural pitch or resonance, but the overall delivery remains heavily grounded in normal human physics and completely recognizable as an amateur attempt. The voice is slightly altered but deeply human.",partial,0,,0,,1,21533
a3-audit-1,voiceclap-a3-audit,rater_2,11,A3-299,Multilingual-Wild,S_MONO,Monologue Style,7,0,"The speaker is engaged in a dialogue, responding to the other person and showing active interaction rather than speaking in isolation.",3,"The vocal delivery perfectly embodies the highly intimate, completely honest, and deeply unperformative tone of a person quietly reading a highly personal diary entry aloud. The speaker utilizes a highly soft, deeply vulnerable acoustic placement that completely strips away all social masks and formal projection. The audio is incredibly raw, highly private, and completely unconcerned with entertaining an external audience.",fits,0,,0,,1,23423
a3-audit-1,voiceclap-a3-audit,rater_2,12,A3-208,Majestrino,S_DRAM,Dramatic Style,7,0,"The delivery is completely flat and devoid of any emotional expression, sounding like a person reading a list of facts without any engagement.",1,"The acoustic signal captures distinctly bad, highly flat acting where the speaker is mechanically reading the lines without genuinely feeling or projecting the underlying emotion. The vocal tone is highly wooden, deeply unconvincing, and completely fails to physically elevate the semantic meaning of the text. The dramatic attempt is highly visible but completely acoustically unsuccessful.",fits,0,,0,,1,34880
a3-audit-1,voiceclap-a3-audit,rater_2,13,A3-050,EMOLIA-BAL,TENS,Tension,7,3,"There is a faint but perceptible tension in the vocal tract, giving the voice a slightly constricted and strained quality.",2,"The voice utilizes standard, neutral conversational muscle tone, applying just enough physical firmness to clearly articulate without squeezing the vocal tract. There is no distracting or uncomfortable physical tension audible in the acoustic signal. The throat remains appropriately relaxed but functionally active.",fits,0,,0,,1,15883
a3-audit-1,voiceclap-a3-audit,rater_2,14,A3-C03,LAION-Got-Talent,S_CART,Cartoonish Style,7,6,"The speech transforms into a complex, impossible sound effect with violent pops, piercing whistles, and extreme vocal manipulation.",3,"The speech perfectly embodies a highly distinctive, deeply animated sitcom character voice that is entirely unique but still strictly bound by the acoustic physics of the human vocal tract. The speaker utilizes highly consistent, distinctly stylized vowel shapes or a highly specific, deeply recognizable pitch placement that instantly defines the character's persona. The delivery is highly professional, deeply colorful, and functionally grounded.",partial,0,,1,reject,1,23787
a3-audit-1,voiceclap-a3-audit,rater_2,15,A3-234,Multilingual-Wild,S_CONV,Conversational Style,7,0,"The delivery is a rigid, aggressive monologue with no gaps for response, resembling a wall of sound.",2,"The acoustic output strongly resembles a theatrical soliloquy; the speaker is clearly thinking out loud, but is completely unconcerned with whether another person is actually listening. The intonation is highly internal and slightly wandering, lacking the sharp, outward-facing projection required to actively engage a conversational partner. The audio feels highly personal but distinctly disconnected.",no,0,,0,,2,34162
a3-audit-1,voiceclap-a3-audit,rater_2,16,A3-002,EMOLIA-BAL,S_MONO,Monologue Style,7,2,"The monologue is introspective and detached, with a tone that suggests the speaker is thinking aloud without concern for the listener's immediate understanding.",2,"The acoustic profile captures a highly casual, completely unstructured moment of a person simply thinking out loud or gently reflecting while actively working on a physical task. The speaker's volume is slightly lowered, and the vocal tone is highly wandering, indicating that they are technically speaking to themselves but without any deep, highly emotional introspection. The delivery is highly natural, deeply mundane, and completely un-dramatic.",fits,0,,0,,1,43785
a3-audit-1,voiceclap-a3-audit,rater_2,17,A3-191,Majestrino,VFLX,Velocity Flux,7,3,"The pace of the speech remains steady and consistent throughout, with no noticeable acceleration or deceleration.",2,"The temporal dynamics exhibit a subtle, natural easing of the tempo, starting slightly faster than normal and gently braking to a slightly slower pace by the end. This mild deceleration functions as a deliberate, comfortable cadence, carefully reducing momentum from about 1.1x to 0.9x normal speed. The slowdown is controlled and rhythmically satisfying, like a speaker naturally winding down a thought.",partial,0,,0,,2,39855
a3-audit-1,voiceclap-a3-audit,rater_2,18,A3-017,EMOLIA-BAL,AROU,Arousal,7,,"The arousal level remains extremely high, with a fast, energetic pace and dynamic vocal intensity that conveys urgency and enthusiasm.",4,"The physiological activation is clearly elevated, driving the vocal apparatus with an energized, slightly urgent physical momentum. A perceptible 'hum' of high alertness buzzes through the audio, making the speech sound highly insistent, excited, or mildly anxious. The acoustic transients hit with noticeable, fast-paced physical force.",fits,0,,0,,1,24101
a3-audit-1,voiceclap-a3-audit,rater_2,19,A3-222,Majestrino,ROUG,Roughness,7,2,"The vocal texture is smooth and even, without any noticeable roughness or vocal fry.",2,"The voice features the standard, healthy level of organic texture typical of everyday human speech and natural biology. A slight, highly natural acoustic 'bite' prevents the tone from sounding synthetic, rooting the vocal production in grounded human reality. There is no distracting grit, fry, or harshness present in the highly stable signal.",fits,0,,0,,2,77599
a3-audit-1,voiceclap-a3-audit,rater_2,20,A3-032,EMOLIA-BAL,R_NASL,Nasal Resonance,7,3,"There is a noticeable nasal coloring in the voice, making it sound higher and thinner than typical.",2,"A highly slight, highly natural acoustic 'twang' subtly colors the voice, introducing a gentle brightness commonly found in American Midwest or Australian dialects. This minor nasal involvement adds a distinct, highly recognizable character to the vowels without compromising the overall clarity or warmth of the speech. The resonance remains deeply functional and culturally standard.",fits,0,,0,,1,20267
a3-audit-1,voiceclap-a3-audit,rater_2,21,A3-162,Majestrino,CHNK,Chunking,7,3,"Phrases are grouped into natural, conversational units with brief, regular pauses between them.",3,"The speech is grouped into natural, medium-length sentence-sized clauses that align perfectly with standard human breath cycles. Pauses occur naturally at grammatical boundaries, creating an easy-to-follow, balanced conversational rhythm. The respiratory management and acoustic spacing feel completely unremarkable and organically structured.",fits,0,,0,,1,19737
a3-audit-1,voiceclap-a3-audit,rater_2,22,A3-276,Multilingual-Wild,DARC,Dynamic Arc,7,,"The volume starts at a normal level and then drops to a soft, quiet whisper.",1,"The speech vector is characterized by a clear, incredibly steady, and highly pronounced diminuendo that drops the volume drastically across the clip. The speaker sounds exactly as if they are rapidly losing all conviction or physically backing away from the microphone mid-sentence. The dynamic envelope heavily deflates, bleeding massive acoustic energy continuously.",fits,0,,0,,1,24525
a3-audit-1,voiceclap-a3-audit,rater_2,23,A3-025,EMOLIA-BAL,BRGT,Brightness,7,6,"The voice has a harsh, piercing quality with prominent high-frequency energy that feels abrasive and painful to the ears.",5,"Treble frequencies are heavily emphasized, adding a brilliant, airy shimmer to the absolute top of the vocal spectrum. The voice sits extremely forward in the mix, characterized by highly pronounced sibilance and a sparkling, ultra-clear acoustic sheen. The continuous high-frequency excitation creates a dazzling, though potentially fatiguing, listening experience.",fits,0,,0,,1,23050
a3-audit-1,voiceclap-a3-audit,rater_2,24,A3-263,Multilingual-Wild,R_ORAL,Oral Resonance,7,3,"The articulation is clear and well-placed, with the mouth serving as the primary resonating chamber.",2,"The resonance is mostly oral but is heavily colored and distinctly influenced by competing nasal twang or heavy chest tones. While the speaker is clearly using their mouth to shape the vowels, the acoustic center of gravity is audibly split, preventing a perfectly clean, neutral delivery. The resulting sound is functional but acoustically impure.",fits,0,,0,,1,15452
a3-audit-1,voiceclap-a3-audit,rater_2,25,A3-128,LAION-Got-Talent,EMPH,Emphasis,7,,"Key words are sharply emphasized with sudden increases in volume and pitch, creating a forceful and confrontational delivery.",5,"Content words are punched with aggressive, intense energy that aggressively forces the listener's attention to specific points. The emphasis pattern is highly percussive, utilizing sharp, forceful bursts of volume to highlight critical concepts. It is a commanding, highly active dynamic structure that bites through the audio mix.",fits,0,,0,,1,18804
a3-audit-1,voiceclap-a3-audit,rater_2,26,A3-003,EMOLIA-BAL,S_CONV,Conversational Style,7,3,"The delivery is highly interactive, with frequent micro-gaps and intonation lifts that invite listener feedback.",4,"The vocal style is incredibly engaged and highly social, heavily utilizing distinct 'active listening' markers such as a deep smile in the voice and highly inviting, rising pitch contours. The speaker is highly focused on maintaining a strong, deeply warm interpersonal connection, actively pulling the listener into the acoustic momentum of the story. The audio is highly vibrant and deeply collaborative.",fits,0,,0,,1,19259
a3-audit-1,voiceclap-a3-audit,rater_2,27,A3-192,Majestrino,FULL,Fullness,7,,"The sound is full and rich, with a balanced spectral footprint that fills the acoustic space without feeling overwhelming.",4,"The vocal signal is incredibly rich and highly wide, spreading out across a broad frequency spectrum to create a highly expensive acoustic texture. It possesses a strong, thick physical body that feels highly present and structurally robust in the audio mix. The resulting sound wave occupies a massive amount of highly pleasing sonic territory.",fits,0,,0,,1,22177
a3-audit-1,voiceclap-a3-audit,rater_2,28,A3-029,EMOLIA-BAL,S_MONO,Monologue Style,7,0,"The speech is directed at an implied listener, with no indication of a monologue or internal thought being expressed aloud.",3,"The vocal delivery perfectly embodies the highly intimate, completely honest, and deeply unperformative tone of a person quietly reading a highly personal diary entry aloud. The speaker utilizes a highly soft, deeply vulnerable acoustic placement that completely strips away all social masks and formal projection. The audio is incredibly raw, highly private, and completely unconcerned with entertaining an external audience.",fits,0,,0,,1,29547
a3-audit-1,voiceclap-a3-audit,rater_2,29,A3-219,Majestrino,R_NASL,Nasal Resonance,7,3,"There is a distinct nasal coloring to the voice, making it sound higher and thinner than typical, with a slightly pinched quality.",5,"The nasal resonance is intensely unpleasant and highly piercing, heavily dominating the acoustic spectrum with a deeply complaining, aggressively nagging tone. The sound wave is violently squeezed into the upper nasal cavity, completely stripping away any soothing low-mid frequencies and replacing them with a harsh, highly irritating buzz. The voice is physically exhausting to listen to.",fits,0,,0,,1,31453
a3-audit-1,voiceclap-a3-audit,rater_2,30,A3-041,EMOLIA-BAL,S_NEWS,Newsreader Style,7,1,"The speech lacks any urgency or projection, sounding like a casual, unstructured monologue with no broadcast energy.",2,"The acoustic profile captures the highly opinionated, distinctly loose, and slightly aggressive delivery typical of a modern YouTube commentator or amateur blogger. The speaker is highly energetic and completely legible, but heavily relies on a highly subjective, deeply informal vocal tone that entirely lacks traditional broadcast neutrality. The speech is highly engaging but strictly amateur in its journalistic posture.",partial,0,,0,,1,40520
a3-audit-1,voiceclap-a3-audit,rater_2,31,A3-169,Majestrino,STRU,Structure,7,,"The delivery lacks any logical progression or organization, consisting of a disjointed sequence of unrelated utterances without clear thematic or syntactic coherence.",2,"The audio features a very loose, rambling structure where a main idea is heavily buried under layers of irrelevant tangents and side-thoughts. The delivery sounds like an unorganized, wandering stream-of-consciousness that struggles to reach an acoustic destination. The flow is meandering, lacking clear boundaries or logical guideposts.",fits,0,,0,,1,18857
a3-audit-1,voiceclap-a3-audit,rater_2,32,A3-001,EMOLIA-BAL,R_NASL,Nasal Resonance,7,3,"There is a noticeable nasal coloring to the voice, making it sound slightly higher and thinner than typical, with a pinched, cartoonish quality.",5,"The nasal resonance is intensely unpleasant and highly piercing, heavily dominating the acoustic spectrum with a deeply complaining, aggressively nagging tone. The sound wave is violently squeezed into the upper nasal cavity, completely stripping away any soothing low-mid frequencies and replacing them with a harsh, highly irritating buzz. The voice is physically exhausting to listen to.",fits,0,,0,,1,17247
a3-audit-1,voiceclap-a3-audit,rater_2,33,A3-251,Multilingual-Wild,CLRT,Articulation Clarity,7,4,"Each word is clearly enunciated, with sharp consonants and distinct vowel sounds that make the message easy to follow.",3,"The audio exhibits a neutral, standard level of articulation perfectly suited for everyday, clear acoustic communication. Words are easily separable with well-defined vowel shapes and appropriately struck consonants. The speaker puts in just enough mechanical effort to be naturally understood without sounding overly precise.",fits,0,,0,,1,26394
a3-audit-1,voiceclap-a3-audit,rater_2,34,A3-059,EMOLIA-BAL,AROU,Arousal,7,4,"The energy level remains high and engaged throughout, with a dynamic, impassioned delivery that conveys urgency and personal investment.",4,"The physiological activation is clearly elevated, driving the vocal apparatus with an energized, slightly urgent physical momentum. A perceptible 'hum' of high alertness buzzes through the audio, making the speech sound highly insistent, excited, or mildly anxious. The acoustic transients hit with noticeable, fast-paced physical force.",fits,0,,0,,1,13275
a3-audit-1,voiceclap-a3-audit,rater_2,35,A3-C10,LAION-Got-Talent,SMTH,Smoothness,7,5,"The rhythm is fluid and even, with no abrupt breaks or irregular timing patterns.",2,"The rhythmic grid is uneven and bumpy, characterized by frequent micro-hesitations and clumsy acoustic transitions. The speech lacks a steady, predictable pulse, sounding like an unprepared or organically flawed read. The acoustic envelope stumbles awkwardly from word to word without natural grace.",partial,0,,1,reject,1,26101
a3-audit-1,voiceclap-a3-audit,rater_2,36,A3-155,Majestrino,S_NEWS,Newsreader Style,7,4,"The speech is highly structured and objective, with a punchy, rhythmic delivery that mimics a professional news broadcast.",2,"The acoustic profile captures the highly opinionated, distinctly loose, and slightly aggressive delivery typical of a modern YouTube commentator or amateur blogger. The speaker is highly energetic and completely legible, but heavily relies on a highly subjective, deeply informal vocal tone that entirely lacks traditional broadcast neutrality. The speech is highly engaging but strictly amateur in its journalistic posture.",partial,0,,0,,1,17163
a3-audit-1,voiceclap-a3-audit,rater_2,37,A3-280,Multilingual-Wild,S_CASU,Casual Style,7,1,"The speech is highly formal and precise, with no slurring or relaxed pacing, indicating a serious and controlled delivery.",1,"The speech is distinctly stiff and highly rehearsed, sounding exactly like an individual nervously attempting to appear relaxed during a high-stakes job interview. The speaker tries to adopt a casual tone, but underlying tension forces the articulation to remain overly precise and distinctly rigid. The resulting audio feels highly forced, deeply uncomfortable, and entirely unnatural.",partial,0,,0,,1,29022
a3-audit-1,voiceclap-a3-audit,rater_2,38,A3-116,LAION-Got-Talent,VULN,Vulnerability,7,0,"The speaker's voice is completely impenetrable and heavily armored, projecting an absolute, unyielding emotional defense wall.",1,"The delivery is highly guarded, deeply cautious, and strictly professional, meticulously maintaining a hard interpersonal boundary. The speaker tightly controls their acoustic footprint, sharing only the absolute minimum amount of personal resonance required to communicate. The psychological 'mask' is firmly and deliberately strapped on.",fits,0,,0,,1,31114
a3-audit-1,voiceclap-a3-audit,rater_2,39,A3-288,Multilingual-Wild,S_NEWS,Newsreader Style,7,3,"The tone is objective and informative, with a slightly urgent, field-reporter-like energy that conveys immediacy.",0,"The speech is an entirely unorganized, highly rambling stream of consciousness completely dominated by confused 'ums' and highly erratic, deeply broken thought processes. The speaker entirely lacks any ability to structure their acoustic output, resulting in a highly messy, deeply unprofessional delivery that completely fails to convey hard information. It is the absolute, chaotic antithesis of polished broadcast journalism.",partial,0,,0,,1,14076
a3-audit-1,voiceclap-a3-audit,rater_2,40,A3-111,LAION-Got-Talent,S_CART,Cartoonish Style,7,6,"The speech transforms into a complex, impossible sound effect with violent pops, piercing whistles, and extreme vocal manipulation.",2,"The acoustic profile features a highly slight, distinctly noticeable 'put-on' character voice, perfectly mimicking a person casually performing a mild impression at a highly relaxed party. The speaker slightly alters their natural pitch or resonance, but the overall delivery remains heavily grounded in normal human physics and completely recognizable as an amateur attempt. The voice is slightly altered but deeply human.",fits,0,,0,,1,20189
a3-audit-1,voiceclap-a3-audit,rater_3,1,A3-156,Majestrino,TENS,Tension,7,,"There is a persistent sense of muscular tightness in the vocal tract, with the voice sounding strained and constricted throughout.",1,"The throat and jaw muscles are highly loose and comfortable, producing a deeply warm, physically effortless vocal tone. There is absolutely no noticeable constriction in the biological pipeline, allowing the audio to resonate with a highly pleasing, 'open' acoustic geometry. The speech is physically incredibly easy to produce.",partial,0,,0,,3,82571
a3-audit-1,voiceclap-a3-audit,rater_3,2,A3-109,LAION-Got-Talent,S_RANT,Ranting/Angry Style,7,3,"The delivery is highly energetic and fast-paced, resembling a rapid venting session with a continuous, rhythmic flow that effectively releases pent-up tension.",0,"The delivery is highly diplomatic, deeply soothing, and completely focused on highly effective, perfectly calm conflict resolution. The speaker utilizes a highly measured, deeply gentle vocal tone that actively absorbs all tension and entirely diffuses any potential aggression within the acoustic space. The audio is the absolute, highly peaceful antithesis of an angry, high-energy rant.",fits,0,,0,,1,69296
a3-audit-1,voiceclap-a3-audit,rater_3,3,A3-284,Multilingual-Wild,HARM,Harmonicity,7,3,"The voice maintains a clear and stable pitch throughout, with a natural and consistent harmonic structure.",3,"The signal achieves the standard, healthy ratio of periodic tone to aperiodic noise characteristic of normal human speaking voices. The fundamental pitch is solid and highly clear, acting as the primary acoustic carrier while only a negligible, natural amount of breath noise escapes. The vocal fold closure is biologically balanced and perfectly functional.",fits,0,,0,,1,50240
a3-audit-1,voiceclap-a3-audit,rater_3,4,A3-115,LAION-Got-Talent,AGEV,Voice Age,7,4,"The vocal characteristics suggest a speaker in her late twenties to early thirties, with a fully mature but still agile vocal tract.",3,"The audio showcases a voice at peak biological vigor, producing perfectly elastic, incredibly clean harmonic definition across all frequencies. There is absolutely no acoustic evidence of vocal fatigue, muscular wear, or aging-related texture in the signal. The fundamental pitch is rock-solid, and the resonance is highly resilient, fresh, and perfectly supported.",fits,0,,0,,1,32698
a3-audit-1,voiceclap-a3-audit,rater_3,5,A3-266,Multilingual-Wild,CHNK,Chunking,7,,"The speaker groups words into short, controlled phrases with brief, intentional pauses between them.",5,"The audio features very long, dense streams of words poured out with only the briefest of snatched inhalations. The linguistic density between pauses is incredibly high, driven by an urgent need to finish large thoughts without resting. This creates a relentless, unbroken wave of speech that stretches the limits of normal breath support.",fits,0,,0,,1,63003
a3-audit-1,voiceclap-a3-audit,rater_3,6,A3-218,Majestrino,R_CHST,Chest Resonance,7,4,"The voice carries a deep, resonant warmth that vibrates strongly in the chest, giving it a grounded and full-bodied quality.",2,"The voice utilizes a standard, lighter speaking resonance where the chest is only mildly participating in the overall acoustic output. The sound is predominantly centered in the mouth, offering just enough low-mid frequency support to sound functionally human without projecting heavy warmth. It is a highly common, slightly physically detached conversational tone.",partial,0,,0,,1,44545
a3-audit-1,voiceclap-a3-audit,rater_3,7,A3-285,Multilingual-Wild,VALS,Valence Shift,7,3,"The emotional tone remains neutral and informative from start to finish, with no noticeable change in valence.",5,"The mood vector undergoes a clear, highly powerful resolution, actively lifting the speaker heavily out of a negative or neutral state into distinct, bright positivity. Heavy acoustic tension is visibly released, allowing the voice to become significantly warmer, much happier, and deeply relieved by the end of the audio. It perfectly captures the deeply satisfying acoustic sound of a complex problem being solved.",no,0,,0,,1,44120
a3-audit-1,voiceclap-a3-audit,rater_3,8,A3-212,Majestrino,DFLU,Disfluency,7,0,"There are no fillers, hesitations, or self-corrections, resulting in a perfectly smooth and uninterrupted flow.",0,"The audio clip is a pristine, flawless stream of speech with absolutely zero fillers, hesitations, or vocal restarts. It sounds like a perfectly edited studio recording or a masterfully rehearsed script reading. The linguistic signal is completely devoid of any cognitive or mechanical interference.",fits,0,,0,,1,20988
a3-audit-1,voiceclap-a3-audit,rater_3,9,A3-260,Multilingual-Wild,STNC,Stance,7,5,"The delivery is forceful and commanding, with a loud, projected voice that dominates the acoustic space, leaving no room for the listener to respond.",0,"The voice sounds incredibly tiny, submissive, and heavily apologetic, actively attempting to take up as little acoustic space as possible. It lacks all projection and confidence, signaling a complete surrender of social power to the listener. The vocal delivery feels like the speaker is trying to make themselves entirely invisible.",no,0,,0,,1,91045
a3-audit-1,voiceclap-a3-audit,rater_3,10,A3-160,Majestrino,S_CART,Cartoonish Style,7,,"The voice is a highly exaggerated, cartoonish caricature with impossible pitch jumps, percussive pops, and piercing whistles that defy human vocal limits.",2,"The acoustic profile features a highly slight, distinctly noticeable 'put-on' character voice, perfectly mimicking a person casually performing a mild impression at a highly relaxed party. The speaker slightly alters their natural pitch or resonance, but the overall delivery remains heavily grounded in normal human physics and completely recognizable as an amateur attempt. The voice is slightly altered but deeply human.",no,0,,0,,1,30951
a3-audit-1,voiceclap-a3-audit,rater_3,11,A3-299,Multilingual-Wild,S_MONO,Monologue Style,7,0,"The speaker is engaged in a dialogue, responding to the other person and showing active interaction rather than speaking in isolation.",0,"The speech is an incredibly active, highly engaged, and deeply interactive dialogue, featuring a speaker distinctly talking directly to a partner, actively waiting for answers, and highly focused on reading facial cues. The vocal tone is completely outward-facing, highly social, and entirely dependent on the continuous acoustic and emotional feedback of the listener. The audio is the absolute, highly collaborative antithesis of an isolated monologue.",fits,0,,0,,1,52733
a3-audit-1,voiceclap-a3-audit,rater_3,12,A3-208,Majestrino,S_DRAM,Dramatic Style,7,0,"The delivery is completely flat and devoid of any emotional expression, sounding like a person reading a list of facts without any engagement.",2,"The speech perfectly embodies highly natural, deeply realistic cinematic acting where the emotional truth is distinctly present but highly subtle and entirely internalized. The speaker does not 'push' the audio for the microphone, instead allowing genuine, highly grounded human feelings to gently color the acoustic resonance. The dramatic performance feels deeply authentic, highly intimate, and completely unforced.",no,0,,0,,1,66078
a3-audit-1,voiceclap-a3-audit,rater_3,13,A3-050,EMOLIA-BAL,TENS,Tension,7,3,"There is a faint but perceptible tension in the vocal tract, giving the voice a slightly constricted and strained quality.",2,"The voice utilizes standard, neutral conversational muscle tone, applying just enough physical firmness to clearly articulate without squeezing the vocal tract. There is no distracting or uncomfortable physical tension audible in the acoustic signal. The throat remains appropriately relaxed but functionally active.",fits,0,,0,,1,23647
a3-audit-1,voiceclap-a3-audit,rater_3,14,A3-C03,LAION-Got-Talent,S_CART,Cartoonish Style,7,6,"The speech transforms into a complex, impossible sound effect with violent pops, piercing whistles, and extreme vocal manipulation.",0,"The speech is completely hyper-real, deeply gritty, and entirely bound by the strict, highly mundane physical laws of a highly serious documentary or a stark, unpolished drama. The vocal delivery actively rejects any form of theatrical exaggeration, resulting in an uncomfortably genuine, completely un-stylized acoustic signal that feels entirely raw. It is the absolute, highly grounded antithesis of a cartoon voice.",no,0,,1,reject,1,25930
a3-audit-1,voiceclap-a3-audit,rater_3,15,A3-234,Multilingual-Wild,S_CONV,Conversational Style,7,0,"The delivery is a rigid, aggressive monologue with no gaps for response, resembling a wall of sound.",2,"The acoustic output strongly resembles a theatrical soliloquy; the speaker is clearly thinking out loud, but is completely unconcerned with whether another person is actually listening. The intonation is highly internal and slightly wandering, lacking the sharp, outward-facing projection required to actively engage a conversational partner. The audio feels highly personal but distinctly disconnected.",partial,0,,0,,1,34281
a3-audit-1,voiceclap-a3-audit,rater_3,16,A3-002,EMOLIA-BAL,S_MONO,Monologue Style,7,2,"The monologue is introspective and detached, with a tone that suggests the speaker is thinking aloud without concern for the listener's immediate understanding.",2,"The acoustic profile captures a highly casual, completely unstructured moment of a person simply thinking out loud or gently reflecting while actively working on a physical task. The speaker's volume is slightly lowered, and the vocal tone is highly wandering, indicating that they are technically speaking to themselves but without any deep, highly emotional introspection. The delivery is highly natural, deeply mundane, and completely un-dramatic.",fits,0,,0,,1,38443
a3-audit-1,voiceclap-a3-audit,rater_3,17,A3-191,Majestrino,VFLX,Velocity Flux,7,3,"The pace of the speech remains steady and consistent throughout, with no noticeable acceleration or deceleration.",3,"The velocity of the speech remains absolutely locked and perfectly steady from the very first syllable to the last. There is exactly zero detectable acceleration or deceleration, resulting in a strictly linear, metronomic temporal delivery. The acoustic momentum is held at a completely constant speed throughout the entire clip.",fits,0,,0,,1,29526
a3-audit-1,voiceclap-a3-audit,rater_3,18,A3-017,EMOLIA-BAL,AROU,Arousal,7,,"The arousal level remains extremely high, with a fast, energetic pace and dynamic vocal intensity that conveys urgency and enthusiasm.",4,"The physiological activation is clearly elevated, driving the vocal apparatus with an energized, slightly urgent physical momentum. A perceptible 'hum' of high alertness buzzes through the audio, making the speech sound highly insistent, excited, or mildly anxious. The acoustic transients hit with noticeable, fast-paced physical force.",fits,0,,0,,1,35799
a3-audit-1,voiceclap-a3-audit,rater_3,19,A3-222,Majestrino,ROUG,Roughness,7,2,"The vocal texture is smooth and even, without any noticeable roughness or vocal fry.",1,"Phonation is exceptionally consistent and velvety, exhibiting only the absolute faintest microscopic traces of organic human texture. The vocal folds vibrate with incredibly healthy, polished regularity, generating a highly soothing and buttery acoustic output. The sound wave glides effortlessly with almost zero internal biological friction.",fits,0,,0,,1,30417
a3-audit-1,voiceclap-a3-audit,rater_3,20,A3-032,EMOLIA-BAL,R_NASL,Nasal Resonance,7,3,"There is a noticeable nasal coloring in the voice, making it sound higher and thinner than typical.",3,"The acoustic profile features a distinctly obvious nasal coloring, making the fundamental tone sound significantly 'higher' and 'thinner' than its actual pitch. The voice strongly resembles a stereotypical, slightly pinched 'nerd' caricature, where a significant portion of the sound wave is constantly escaping through the nose. The overall delivery is noticeably bright and mildly squeezed.",fits,0,,0,,1,43252
a3-audit-1,voiceclap-a3-audit,rater_3,21,A3-162,Majestrino,CHNK,Chunking,7,3,"Phrases are grouped into natural, conversational units with brief, regular pauses between them.",3,"The speech is grouped into natural, medium-length sentence-sized clauses that align perfectly with standard human breath cycles. Pauses occur naturally at grammatical boundaries, creating an easy-to-follow, balanced conversational rhythm. The respiratory management and acoustic spacing feel completely unremarkable and organically structured.",fits,0,,0,,2,758227
a3-audit-1,voiceclap-a3-audit,rater_3,22,A3-276,Multilingual-Wild,DARC,Dynamic Arc,7,,"The volume starts at a normal level and then drops to a soft, quiet whisper.",0,"The acoustic volume begins at a highly audible level before suffering a total, catastrophic collapse, fading away into absolute dead silence. The audio completely dissolves and dies out, perfectly tracking a highly linear trajectory toward complete acoustic nothingness. The volume envelope is a pure, absolutely unrecoverable fade to black.",fits,0,,0,,1,49397
a3-audit-1,voiceclap-a3-audit,rater_3,23,A3-025,EMOLIA-BAL,BRGT,Brightness,7,6,"The voice has a harsh, piercing quality with prominent high-frequency energy that feels abrasive and painful to the ears.",6,"The high-frequency energy is overwhelmingly harsh, resulting in a sharply piercing, sizzling acoustic output that feels physically painful to hear. Sibilant consonants act like breaking glass, dominating the entire spectrum with aggressive, ear-drilling treble spikes. The signal is entirely unbalanced, relying exclusively on an abrasive, highly metallic top-end.",fits,0,,0,,2,100903
a3-audit-1,voiceclap-a3-audit,rater_3,24,A3-263,Multilingual-Wild,R_ORAL,Oral Resonance,7,3,"The articulation is clear and well-placed, with the mouth serving as the primary resonating chamber.",5,"The speaker utilizes heavily exaggerated, wide-open mouth shapes, producing a highly round, distinctly over-enunciated acoustic profile. The voice sounds exactly as if the speaker is trying to communicate with a lip-reader, overly prioritizing massive oral space over natural conversational flow. The resulting audio is highly clear but physically unnatural and overly 'large.'",partial,0,,0,,1,45459
a3-audit-1,voiceclap-a3-audit,rater_3,25,A3-128,LAION-Got-Talent,EMPH,Emphasis,7,,"Key words are sharply emphasized with sudden increases in volume and pitch, creating a forceful and confrontational delivery.",5,"Content words are punched with aggressive, intense energy that aggressively forces the listener's attention to specific points. The emphasis pattern is highly percussive, utilizing sharp, forceful bursts of volume to highlight critical concepts. It is a commanding, highly active dynamic structure that bites through the audio mix.",fits,0,,0,,1,37282
a3-audit-1,voiceclap-a3-audit,rater_3,26,A3-003,EMOLIA-BAL,S_CONV,Conversational Style,7,3,"The delivery is highly interactive, with frequent micro-gaps and intonation lifts that invite listener feedback.",3,"The audio captures a perfectly standard, highly functional two-way conversational flow where the speaker actively and naturally shares the acoustic space. The delivery features highly subtle, perfectly timed micro-gaps and gentle intonation lifts designed specifically to allow the listener to nod, agree, or interject. The social rhythm is highly balanced, deeply respectful, and effortlessly interactive.",fits,0,,0,,1,39618
a3-audit-1,voiceclap-a3-audit,rater_3,27,A3-192,Majestrino,FULL,Fullness,7,,"The sound is full and rich, with a balanced spectral footprint that fills the acoustic space without feeling overwhelming.",0,"The voice is overwhelmingly thin and heavily paper-like, completely lacking any spectral body, warmth, or lower-frequency foundation. The acoustic footprint is a flat, one-dimensional sliver of sound that resembles audio forced through a tiny, severely broken watch speaker. It entirely fails to occupy any significant portion of the sonic frequency spectrum.",no,0,,0,,1,16635
a3-audit-1,voiceclap-a3-audit,rater_3,28,A3-029,EMOLIA-BAL,S_MONO,Monologue Style,7,0,"The speech is directed at an implied listener, with no indication of a monologue or internal thought being expressed aloud.",0,"The speech is an incredibly active, highly engaged, and deeply interactive dialogue, featuring a speaker distinctly talking directly to a partner, actively waiting for answers, and highly focused on reading facial cues. The vocal tone is completely outward-facing, highly social, and entirely dependent on the continuous acoustic and emotional feedback of the listener. The audio is the absolute, highly collaborative antithesis of an isolated monologue.",fits,0,,0,,1,46897
a3-audit-1,voiceclap-a3-audit,rater_3,29,A3-219,Majestrino,R_NASL,Nasal Resonance,7,3,"There is a distinct nasal coloring to the voice, making it sound higher and thinner than typical, with a slightly pinched quality.",2,"A highly slight, highly natural acoustic 'twang' subtly colors the voice, introducing a gentle brightness commonly found in American Midwest or Australian dialects. This minor nasal involvement adds a distinct, highly recognizable character to the vowels without compromising the overall clarity or warmth of the speech. The resonance remains deeply functional and culturally standard.",fits,0,,0,,1,27679
a3-audit-1,voiceclap-a3-audit,rater_3,30,A3-041,EMOLIA-BAL,S_NEWS,Newsreader Style,7,1,"The speech lacks any urgency or projection, sounding like a casual, unstructured monologue with no broadcast energy.",4,"The speech features the highly polished, completely flawless delivery of a high-end studio news anchor operating with a perfectly 'neutral' broadcast accent. The speaker utilizes perfect, highly crisp diction and a deeply steady, highly predictable acoustic rhythm to effortlessly deliver complex information. The vocal tone is highly objective, deeply trustworthy, and perfectly structured.",no,0,,0,,1,45394
a3-audit-1,voiceclap-a3-audit,rater_3,31,A3-169,Majestrino,STRU,Structure,7,,"The delivery lacks any logical progression or organization, consisting of a disjointed sequence of unrelated utterances without clear thematic or syntactic coherence.",3,"The speech maintains a basic, coherent logical flow that successfully moves from one idea to the next without losing the listener. The speaker utilizes standard conversational markers to link thoughts together in a naturally progressing chain. It is a functional, easily summarizable delivery of audio information.",no,0,,0,,1,41340
a3-audit-1,voiceclap-a3-audit,rater_3,32,A3-001,EMOLIA-BAL,R_NASL,Nasal Resonance,7,3,"There is a noticeable nasal coloring to the voice, making it sound slightly higher and thinner than typical, with a pinched, cartoonish quality.",1,"The vocal delivery is completely clean and entirely devoid of any audible nasality, representing the absolute gold standard for clear, highly resonant broadcasting tone. The velum is perfectly raised, expertly directing the entire acoustic signal smoothly through the oral cavity without any high-frequency nasal leakage. The sound is rich, pure, and flawlessly balanced.",fits,0,,0,,1,26069
a3-audit-1,voiceclap-a3-audit,rater_3,33,A3-251,Multilingual-Wild,CLRT,Articulation Clarity,7,4,"Each word is clearly enunciated, with sharp consonants and distinct vowel sounds that make the message easy to follow.",6,"The phonemes are hyper-articulated to an extreme, unnatural degree, completely over-enunciating every single consonant and vowel. The delivery sounds like a rigid caricature of a formal speaker, with exaggerated plosive pops and sharply cut word endings. This level of mechanical precision is highly distracting and completely abandons organic human blending.",partial,0,,0,,1,42760
a3-audit-1,voiceclap-a3-audit,rater_3,34,A3-059,EMOLIA-BAL,AROU,Arousal,7,4,"The energy level remains high and engaged throughout, with a dynamic, impassioned delivery that conveys urgency and personal investment.",2,"The speaker is entirely awake but is consciously holding back their physiological energy, maintaining a highly reserved and strictly controlled vocal output. The intensity of the acoustic signal is deliberately suppressed, typical of a cautious, highly formal, or hyper-professional setting. The physical drive of the voice is kept on a very tight leash.",fits,0,,0,,1,33655
a3-audit-1,voiceclap-a3-audit,rater_3,35,A3-C10,LAION-Got-Talent,SMTH,Smoothness,7,5,"The rhythm is fluid and even, with no abrupt breaks or irregular timing patterns.",5,"The vocal delivery flows like silk, featuring a beautiful, continuous, wave-like legato quality in the acoustic signal. Every word melts seamlessly into the next with exceptional grace and perfectly modulated timing transitions. The rhythmic structure is highly pleasing, fluid, and entirely uninterrupted by micro-stops.",fits,0,,1,reject,1,39771
a3-audit-1,voiceclap-a3-audit,rater_3,36,A3-155,Majestrino,S_NEWS,Newsreader Style,7,4,"The speech is highly structured and objective, with a punchy, rhythmic delivery that mimics a professional news broadcast.",3,"The audio perfectly mimics the highly clear, distinctly projected, and slightly breathless urgency of a professional 'on the scene' field reporter. The speaker maintains a highly objective, deeply informative acoustic baseline while allowing the chaotic energy of their supposed environment to naturally elevate their vocal volume and tempo. The delivery is highly active, distinctly journalistic, and deeply present.",fits,0,,0,,1,34212
a3-audit-1,voiceclap-a3-audit,rater_3,37,A3-280,Multilingual-Wild,S_CASU,Casual Style,7,1,"The speech is highly formal and precise, with no slurring or relaxed pacing, indicating a serious and controlled delivery.",2,"The acoustic delivery is highly polite, distinctly friendly, but heavily guarded, perfectly capturing a standard, low-stakes interaction with a complete stranger. The speaker maintains a very safe, highly clear articulatory baseline without fully relaxing their physical posture or dropping their professional facade. The voice is functionally warm but completely lacks true, intimate looseness.",fits,0,,0,,2,119729
a3-audit-1,voiceclap-a3-audit,rater_3,38,A3-116,LAION-Got-Talent,VULN,Vulnerability,7,0,"The speaker's voice is completely impenetrable and heavily armored, projecting an absolute, unyielding emotional defense wall.",2,"The voice utilizes a highly composed, standard adult emotional mask that keeps deep personal vulnerability politely and safely hidden. The tone is perfectly functional and socially appropriate, providing a smooth, well-maintained acoustic surface that prevents the listener from peering too deeply inside. The emotional core remains safely guarded.",fits,0,,0,,2,109568
a3-audit-1,voiceclap-a3-audit,rater_3,39,A3-288,Multilingual-Wild,S_NEWS,Newsreader Style,7,3,"The tone is objective and informative, with a slightly urgent, field-reporter-like energy that conveys immediacy.",1,"The delivery is completely conversational and highly casual, sounding exactly like a person informally relaying a funny story to a close friend over drinks. The vocal tone entirely lacks the highly structured, deeply projected, and sharply objective acoustic markers required for a formal news read. The audio is highly relaxed, deeply subjective, and completely un-journalistic.",partial,0,,0,,1,28937
a3-audit-1,voiceclap-a3-audit,rater_3,40,A3-111,LAION-Got-Talent,S_CART,Cartoonish Style,7,6,"The speech transforms into a complex, impossible sound effect with violent pops, piercing whistles, and extreme vocal manipulation.",2,"The acoustic profile features a highly slight, distinctly noticeable 'put-on' character voice, perfectly mimicking a person casually performing a mild impression at a highly relaxed party. The speaker slightly alters their natural pitch or resonance, but the overall delivery remains heavily grounded in normal human physics and completely recognizable as an amateur attempt. The voice is slightly altered but deeply human.",no,0,,0,,1,51038
a3-audit-1,voiceclap-a3-audit,rater_4,1,A3-156,Majestrino,TENS,Tension,7,,"There is a persistent sense of muscular tightness in the vocal tract, with the voice sounding strained and constricted throughout.",3,"A faint acoustic 'edge' or mild muscular squeeze becomes audible, indicating a subtle tightening of the neck or jaw muscles. This mild tension profile often suggests a speaker who is deeply concentrating, slightly annoyed, or operating under minor psychological stress. The voice loses a fraction of its natural warmth due to this slight physical constriction.",fits,0,,0,,3,65578
a3-audit-1,voiceclap-a3-audit,rater_4,2,A3-109,LAION-Got-Talent,S_RANT,Ranting/Angry Style,7,3,"The delivery is highly energetic and fast-paced, resembling a rapid venting session with a continuous, rhythmic flow that effectively releases pent-up tension.",1,"The speech is completely calm, highly rational, and deeply polite, featuring a speaker distinctly stating a clear disagreement without allowing any aggressive emotion to leak into the audio. The vocal tone remains highly flat, completely objective, and entirely devoid of any raised volume, sharp transients, or highly heated rhythmic momentum. The delivery is completely controlled, highly professional, and entirely un-angry.",no,0,,0,,2,52415
a3-audit-1,voiceclap-a3-audit,rater_4,3,A3-284,Multilingual-Wild,HARM,Harmonicity,7,3,"The voice maintains a clear and stable pitch throughout, with a natural and consistent harmonic structure.",3,"The signal achieves the standard, healthy ratio of periodic tone to aperiodic noise characteristic of normal human speaking voices. The fundamental pitch is solid and highly clear, acting as the primary acoustic carrier while only a negligible, natural amount of breath noise escapes. The vocal fold closure is biologically balanced and perfectly functional.",fits,0,,0,,2,54022
a3-audit-1,voiceclap-a3-audit,rater_4,4,A3-115,LAION-Got-Talent,AGEV,Voice Age,7,4,"The vocal characteristics suggest a speaker in her late twenties to early thirties, with a fully mature but still agile vocal tract.",3,"The audio showcases a voice at peak biological vigor, producing perfectly elastic, incredibly clean harmonic definition across all frequencies. There is absolutely no acoustic evidence of vocal fatigue, muscular wear, or aging-related texture in the signal. The fundamental pitch is rock-solid, and the resonance is highly resilient, fresh, and perfectly supported.",fits,0,,0,,1,51036
a3-audit-1,voiceclap-a3-audit,rater_4,5,A3-266,Multilingual-Wild,CHNK,Chunking,7,,"The speaker groups words into short, controlled phrases with brief, intentional pauses between them.",1,"The audio consists of very short, choppy two-word bursts that create a percussive, stop-and-go rhythmic structure. Every minor thought is separated by distinct, unnecessary pauses that completely interrupt the natural breathing cycle. The overall acoustic effect is highly disjointed and lacks any continuous flow.",fits,0,,0,,4,82462
a3-audit-1,voiceclap-a3-audit,rater_4,6,A3-218,Majestrino,R_CHST,Chest Resonance,7,4,"The voice carries a deep, resonant warmth that vibrates strongly in the chest, giving it a grounded and full-bodied quality.",1,"The vocal delivery contains only the absolute faintest trace of bodily warmth, resulting in a distinctly thin adult voice that lacks natural authority or physical grounding. The low-frequency harmonics are severely underdeveloped, preventing the audio from projecting any significant acoustic mass. The resonance is highly superficial and feels distinctly disconnected from the speaker's torso.",no,0,,0,,2,40578
a3-audit-1,voiceclap-a3-audit,rater_4,7,A3-285,Multilingual-Wild,VALS,Valence Shift,7,3,"The emotional tone remains neutral and informative from start to finish, with no noticeable change in valence.",1,"The mood vector tracks a highly significant souring and intense darkening of the psychological state, rapidly deteriorating into distinct, heavy negativity. Initial optimism or polite interaction audibly curdles into deep doubt, aggressive hostility, or profound sadness by the end of the clip. The underlying 'light' completely and noticeably drains out of the acoustic signal.",partial,0,,0,,1,61689
a3-audit-1,voiceclap-a3-audit,rater_4,8,A3-212,Majestrino,DFLU,Disfluency,7,0,"There are no fillers, hesitations, or self-corrections, resulting in a perfectly smooth and uninterrupted flow.",1,"The delivery is highly polished and professional, containing perhaps only a single, negligible micro-hesitation in a long stream of speech. The linguistic output is exceptionally clean, indicating a highly prepared and focused speaker. There is almost no acoustic junk interrupting the primary message.",fits,0,,0,,4,80393
a3-audit-1,voiceclap-a3-audit,rater_4,9,A3-260,Multilingual-Wild,STNC,Stance,7,5,"The delivery is forceful and commanding, with a loud, projected voice that dominates the acoustic space, leaving no room for the listener to respond.",0,"The voice sounds incredibly tiny, submissive, and heavily apologetic, actively attempting to take up as little acoustic space as possible. It lacks all projection and confidence, signaling a complete surrender of social power to the listener. The vocal delivery feels like the speaker is trying to make themselves entirely invisible.",no,0,,0,,3,75372
a3-audit-1,voiceclap-a3-audit,rater_4,10,A3-160,Majestrino,S_CART,Cartoonish Style,7,,"The voice is a highly exaggerated, cartoonish caricature with impossible pitch jumps, percussive pops, and piercing whistles that defy human vocal limits.",2,"The acoustic profile features a highly slight, distinctly noticeable 'put-on' character voice, perfectly mimicking a person casually performing a mild impression at a highly relaxed party. The speaker slightly alters their natural pitch or resonance, but the overall delivery remains heavily grounded in normal human physics and completely recognizable as an amateur attempt. The voice is slightly altered but deeply human.",no,0,,0,,3,120584
a3-audit-1,voiceclap-a3-audit,rater_4,11,A3-299,Multilingual-Wild,S_MONO,Monologue Style,7,0,"The speaker is engaged in a dialogue, responding to the other person and showing active interaction rather than speaking in isolation.",2,"The acoustic profile captures a highly casual, completely unstructured moment of a person simply thinking out loud or gently reflecting while actively working on a physical task. The speaker's volume is slightly lowered, and the vocal tone is highly wandering, indicating that they are technically speaking to themselves but without any deep, highly emotional introspection. The delivery is highly natural, deeply mundane, and completely un-dramatic.",fits,0,,0,,3,130144
a3-audit-1,voiceclap-a3-audit,rater_4,12,A3-208,Majestrino,S_DRAM,Dramatic Style,7,0,"The delivery is completely flat and devoid of any emotional expression, sounding like a person reading a list of facts without any engagement.",1,"The acoustic signal captures distinctly bad, highly flat acting where the speaker is mechanically reading the lines without genuinely feeling or projecting the underlying emotion. The vocal tone is highly wooden, deeply unconvincing, and completely fails to physically elevate the semantic meaning of the text. The dramatic attempt is highly visible but completely acoustically unsuccessful.",fits,0,,0,,2,57963
a3-audit-1,voiceclap-a3-audit,rater_4,13,A3-050,EMOLIA-BAL,TENS,Tension,7,3,"There is a faint but perceptible tension in the vocal tract, giving the voice a slightly constricted and strained quality.",1,"The throat and jaw muscles are highly loose and comfortable, producing a deeply warm, physically effortless vocal tone. There is absolutely no noticeable constriction in the biological pipeline, allowing the audio to resonate with a highly pleasing, 'open' acoustic geometry. The speech is physically incredibly easy to produce.",partial,0,,0,,3,58477
a3-audit-1,voiceclap-a3-audit,rater_4,14,A3-C03,LAION-Got-Talent,S_CART,Cartoonish Style,7,6,"The speech transforms into a complex, impossible sound effect with violent pops, piercing whistles, and extreme vocal manipulation.",4,"The vocal style is intensely wacky, highly energetic, and deeply exaggerated, heavily utilizing highly funny, completely unnatural biological noises and rapid, extreme pitch shifting. The speaker completely abandons standard human resonance, producing a highly bright, deeply squawking, or intensely rubbery acoustic signal typical of a high-energy children's cartoon. The audio is wildly colorful, highly elastic, and deeply un-natural.",partial,0,,1,reject,1,40109
a3-audit-1,voiceclap-a3-audit,rater_4,15,A3-234,Multilingual-Wild,S_CONV,Conversational Style,7,0,"The delivery is a rigid, aggressive monologue with no gaps for response, resembling a wall of sound.",2,"The acoustic output strongly resembles a theatrical soliloquy; the speaker is clearly thinking out loud, but is completely unconcerned with whether another person is actually listening. The intonation is highly internal and slightly wandering, lacking the sharp, outward-facing projection required to actively engage a conversational partner. The audio feels highly personal but distinctly disconnected.",partial,0,,0,,2,64866
a3-audit-1,voiceclap-a3-audit,rater_4,16,A3-002,EMOLIA-BAL,S_MONO,Monologue Style,7,2,"The monologue is introspective and detached, with a tone that suggests the speaker is thinking aloud without concern for the listener's immediate understanding.",5,"The delivery is highly cinematic and deeply stylized, perfectly mimicking the highly polished, deeply resonant voiceover narration of a major film explaining the plot directly to the audience. The speaker utilizes a highly detached, deeply omniscient acoustic baseline that exists completely outside the physical reality of the scene, smoothly guiding the listener through the character's internal feelings. The audio is highly professional, deeply informative, and entirely disconnected from the physical environment.",partial,0,,0,,1,105516
a3-audit-1,voiceclap-a3-audit,rater_4,17,A3-191,Majestrino,VFLX,Velocity Flux,7,3,"The pace of the speech remains steady and consistent throughout, with no noticeable acceleration or deceleration.",2,"The temporal dynamics exhibit a subtle, natural easing of the tempo, starting slightly faster than normal and gently braking to a slightly slower pace by the end. This mild deceleration functions as a deliberate, comfortable cadence, carefully reducing momentum from about 1.1x to 0.9x normal speed. The slowdown is controlled and rhythmically satisfying, like a speaker naturally winding down a thought.",partial,0,,0,,2,27778
a3-audit-1,voiceclap-a3-audit,rater_4,18,A3-017,EMOLIA-BAL,AROU,Arousal,7,,"The arousal level remains extremely high, with a fast, energetic pace and dynamic vocal intensity that conveys urgency and enthusiasm.",4,"The physiological activation is clearly elevated, driving the vocal apparatus with an energized, slightly urgent physical momentum. A perceptible 'hum' of high alertness buzzes through the audio, making the speech sound highly insistent, excited, or mildly anxious. The acoustic transients hit with noticeable, fast-paced physical force.",no,0,,0,,2,43911
a3-audit-1,voiceclap-a3-audit,rater_4,19,A3-222,Majestrino,ROUG,Roughness,7,2,"The vocal texture is smooth and even, without any noticeable roughness or vocal fry.",3,"A distinct, grainy texture noticeably permeates the vocal tone, introducing rapid amplitude modulations into the fundamental frequency. The voice sounds as though it contains a layer of acoustic sand, typical of mild vocal fry or slightly desiccated vocal folds. This gentle grit adds a rough, tactile characteristic to the otherwise stable phonation.",partial,0,,0,,3,71044
a3-audit-1,voiceclap-a3-audit,rater_4,20,A3-032,EMOLIA-BAL,R_NASL,Nasal Resonance,7,3,"There is a noticeable nasal coloring in the voice, making it sound higher and thinner than typical.",2,"A highly slight, highly natural acoustic 'twang' subtly colors the voice, introducing a gentle brightness commonly found in American Midwest or Australian dialects. This minor nasal involvement adds a distinct, highly recognizable character to the vowels without compromising the overall clarity or warmth of the speech. The resonance remains deeply functional and culturally standard.",fits,0,,0,,1,39174
a3-audit-1,voiceclap-a3-audit,rater_4,21,A3-162,Majestrino,CHNK,Chunking,7,3,"Phrases are grouped into natural, conversational units with brief, regular pauses between them.",4,"The phrasing is noticeably extended, often linking multiple sentences together into a single, continuous, sweeping breath unit. The speaker utilizes high lung capacity to bridge normal stopping points, creating a smooth, long-range acoustic flow. Pauses are infrequent but deliberate, supporting a large-scale structural delivery.",fits,0,,0,,2,1325308
a3-audit-1,voiceclap-a3-audit,rater_4,22,A3-276,Multilingual-Wild,DARC,Dynamic Arc,7,,"The volume starts at a normal level and then drops to a soft, quiet whisper.",1,"The speech vector is characterized by a clear, incredibly steady, and highly pronounced diminuendo that drops the volume drastically across the clip. The speaker sounds exactly as if they are rapidly losing all conviction or physically backing away from the microphone mid-sentence. The dynamic envelope heavily deflates, bleeding massive acoustic energy continuously.",partial,0,,0,,1,54211
a3-audit-1,voiceclap-a3-audit,rater_4,23,A3-025,EMOLIA-BAL,BRGT,Brightness,7,6,"The voice has a harsh, piercing quality with prominent high-frequency energy that feels abrasive and painful to the ears.",3,"The spectral balance represents the perfect, neutral baseline of natural human speech with an entirely even distribution of high and low frequencies. There is a highly functional mix of low-end body and high-end clarity that ensures perfect legibility without harshness. Sibilants and transients hit with standard, unexaggerated acoustic presence.",partial,0,,0,,2,68558
a3-audit-1,voiceclap-a3-audit,rater_4,24,A3-263,Multilingual-Wild,R_ORAL,Oral Resonance,7,3,"The articulation is clear and well-placed, with the mouth serving as the primary resonating chamber.",4,"The acoustic delivery features very clear, highly forward articulation where the sound feels exactly as if it is sitting directly on the speaker's lips. The oral cavity is highly active, precisely shaping the phonemes to ensure maximum forward projection and pristine phonetic legibility. The voice 'bites' through the air cleanly without needing to shout.",fits,0,,0,,1,44563
a3-audit-1,voiceclap-a3-audit,rater_4,25,A3-128,LAION-Got-Talent,EMPH,Emphasis,7,,"Key words are sharply emphasized with sudden increases in volume and pitch, creating a forceful and confrontational delivery.",5,"Content words are punched with aggressive, intense energy that aggressively forces the listener's attention to specific points. The emphasis pattern is highly percussive, utilizing sharp, forceful bursts of volume to highlight critical concepts. It is a commanding, highly active dynamic structure that bites through the audio mix.",fits,0,,0,,1,32830
a3-audit-1,voiceclap-a3-audit,rater_4,26,A3-003,EMOLIA-BAL,S_CONV,Conversational Style,7,3,"The delivery is highly interactive, with frequent micro-gaps and intonation lifts that invite listener feedback.",4,"The vocal style is incredibly engaged and highly social, heavily utilizing distinct 'active listening' markers such as a deep smile in the voice and highly inviting, rising pitch contours. The speaker is highly focused on maintaining a strong, deeply warm interpersonal connection, actively pulling the listener into the acoustic momentum of the story. The audio is highly vibrant and deeply collaborative.",fits,0,,0,,1,45677
a3-audit-1,voiceclap-a3-audit,rater_4,27,A3-192,Majestrino,FULL,Fullness,7,,"The sound is full and rich, with a balanced spectral footprint that fills the acoustic space without feeling overwhelming.",2,"The vocal profile is highly intelligible and clear but remains distinctly slender and physically lightweight in its overall spectral footprint. It lacks the rich low-mid body required to actively command the acoustic space, feeling functionally present but physically very small. The voice does not push significant air or project heavy acoustic mass.",partial,0,,0,,1,21743
a3-audit-1,voiceclap-a3-audit,rater_4,28,A3-029,EMOLIA-BAL,S_MONO,Monologue Style,7,0,"The speech is directed at an implied listener, with no indication of a monologue or internal thought being expressed aloud.",1,"The delivery is a highly projected, deeply public formal address, sounding exactly like a highly confident politician or leader delivering a massive speech to a huge crowd. While the speaker is technically the only person talking, the vocal tone is entirely outward-facing, highly performative, and distinctly designed to actively manipulate the emotions of a massive audience. The audio is completely public, deeply loud, and totally un-intimate.",fits,0,,0,,1,74667
a3-audit-1,voiceclap-a3-audit,rater_4,29,A3-219,Majestrino,R_NASL,Nasal Resonance,7,3,"There is a distinct nasal coloring to the voice, making it sound higher and thinner than typical, with a slightly pinched quality.",3,"The acoustic profile features a distinctly obvious nasal coloring, making the fundamental tone sound significantly 'higher' and 'thinner' than its actual pitch. The voice strongly resembles a stereotypical, slightly pinched 'nerd' caricature, where a significant portion of the sound wave is constantly escaping through the nose. The overall delivery is noticeably bright and mildly squeezed.",fits,0,,0,,2,100199
a3-audit-1,voiceclap-a3-audit,rater_4,30,A3-041,EMOLIA-BAL,S_NEWS,Newsreader Style,7,1,"The speech lacks any urgency or projection, sounding like a casual, unstructured monologue with no broadcast energy.",6,"The delivery is an absolute, highly exaggerated caricature of a 1970s local news anchorman, completely dominated by a highly artificial, forcibly deepened vocal tone. The speaker utilizes a highly rigid, deeply exaggerated 'sing-song' cadence that ends every single sentence with a massive, highly predictable downward pitch swoop. The acoustic performance is a highly stylized, deeply unnatural broadcast satire.",no,0,,0,,2,2309700
a3-audit-1,voiceclap-a3-audit,rater_4,31,A3-169,Majestrino,STRU,Structure,7,,"The delivery lacks any logical progression or organization, consisting of a disjointed sequence of unrelated utterances without clear thematic or syntactic coherence.",2,"The audio features a very loose, rambling structure where a main idea is heavily buried under layers of irrelevant tangents and side-thoughts. The delivery sounds like an unorganized, wandering stream-of-consciousness that struggles to reach an acoustic destination. The flow is meandering, lacking clear boundaries or logical guideposts.",fits,0,,0,,1,28918
a3-audit-1,voiceclap-a3-audit,rater_4,32,A3-001,EMOLIA-BAL,R_NASL,Nasal Resonance,7,3,"There is a noticeable nasal coloring to the voice, making it sound slightly higher and thinner than typical, with a pinched, cartoonish quality.",3,"The acoustic profile features a distinctly obvious nasal coloring, making the fundamental tone sound significantly 'higher' and 'thinner' than its actual pitch. The voice strongly resembles a stereotypical, slightly pinched 'nerd' caricature, where a significant portion of the sound wave is constantly escaping through the nose. The overall delivery is noticeably bright and mildly squeezed.",fits,0,,0,,1,44885
a3-audit-1,voiceclap-a3-audit,rater_4,33,A3-251,Multilingual-Wild,CLRT,Articulation Clarity,7,4,"Each word is clearly enunciated, with sharp consonants and distinct vowel sounds that make the message easy to follow.",1,"Consonants are severely swallowed and lack all precision, resulting in a heavily mumbled, fuzzy acoustic texture. The word boundaries are entirely soft, sounding like the speaker is heavily sedated or speaking with a highly restricted oral cavity. The severe lack of articulatory effort makes acoustic transcription incredibly difficult.",partial,0,,0,,2,36560
a3-audit-1,voiceclap-a3-audit,rater_4,34,A3-059,EMOLIA-BAL,AROU,Arousal,7,4,"The energy level remains high and engaged throughout, with a dynamic, impassioned delivery that conveys urgency and personal investment.",4,"The physiological activation is clearly elevated, driving the vocal apparatus with an energized, slightly urgent physical momentum. A perceptible 'hum' of high alertness buzzes through the audio, making the speech sound highly insistent, excited, or mildly anxious. The acoustic transients hit with noticeable, fast-paced physical force.",fits,0,,0,,1,22985
a3-audit-1,voiceclap-a3-audit,rater_4,35,A3-C10,LAION-Got-Talent,SMTH,Smoothness,7,5,"The rhythm is fluid and even, with no abrupt breaks or irregular timing patterns.",4,"The speech timing is noticeably consistent, practiced, and regular, locking into a predictable and pleasing rhythmic pulse. It sounds like the highly controlled delivery of a professional narrator who smoothly connects phrases with practiced ease. The transitions between words are clean, measured, and highly stable.",fits,0,,1,reject,2,80263
a3-audit-1,voiceclap-a3-audit,rater_4,36,A3-155,Majestrino,S_NEWS,Newsreader Style,7,4,"The speech is highly structured and objective, with a punchy, rhythmic delivery that mimics a professional news broadcast.",2,"The acoustic profile captures the highly opinionated, distinctly loose, and slightly aggressive delivery typical of a modern YouTube commentator or amateur blogger. The speaker is highly energetic and completely legible, but heavily relies on a highly subjective, deeply informal vocal tone that entirely lacks traditional broadcast neutrality. The speech is highly engaging but strictly amateur in its journalistic posture.",partial,0,,0,,1,27059
a3-audit-1,voiceclap-a3-audit,rater_4,37,A3-280,Multilingual-Wild,S_CASU,Casual Style,7,1,"The speech is highly formal and precise, with no slurring or relaxed pacing, indicating a serious and controlled delivery.",3,"The audio features the highly relaxed, deeply comfortable speech of a person casually talking with a close friend in a completely safe environment. The speaker's physical shoulders are audibly down, resulting in minor, highly natural slurring of words like 'gonna' or 'wanna' without losing overall legibility. The acoustic rhythm is highly organic, completely unforced, and deeply human.",partial,0,,0,,2,45659
a3-audit-1,voiceclap-a3-audit,rater_4,38,A3-116,LAION-Got-Talent,VULN,Vulnerability,7,0,"The speaker's voice is completely impenetrable and heavily armored, projecting an absolute, unyielding emotional defense wall.",0,"The acoustic profile is completely impenetrable and heavily armored, projecting an absolute, unyielding emotional defense wall. The tone is hard, shiny, and highly guarded, mimicking the untouchable vocal posture of a mob boss or a drill sergeant where absolutely nothing emotional 'leaks out.' The psychological barrier is actively hostile to any connection.",fits,0,,0,,1,21879
a3-audit-1,voiceclap-a3-audit,rater_4,39,A3-288,Multilingual-Wild,S_NEWS,Newsreader Style,7,3,"The tone is objective and informative, with a slightly urgent, field-reporter-like energy that conveys immediacy.",0,"The speech is an entirely unorganized, highly rambling stream of consciousness completely dominated by confused 'ums' and highly erratic, deeply broken thought processes. The speaker entirely lacks any ability to structure their acoustic output, resulting in a highly messy, deeply unprofessional delivery that completely fails to convey hard information. It is the absolute, chaotic antithesis of polished broadcast journalism.",no,0,,0,,1,20695
a3-audit-1,voiceclap-a3-audit,rater_4,40,A3-111,LAION-Got-Talent,S_CART,Cartoonish Style,7,6,"The speech transforms into a complex, impossible sound effect with violent pops, piercing whistles, and extreme vocal manipulation.",4,"The vocal style is intensely wacky, highly energetic, and deeply exaggerated, heavily utilizing highly funny, completely unnatural biological noises and rapid, extreme pitch shifting. The speaker completely abandons standard human resonance, producing a highly bright, deeply squawking, or intensely rubbery acoustic signal typical of a high-energy children's cartoon. The audio is wildly colorful, highly elastic, and deeply un-natural.",partial,0,,0,,1,34935
a3-audit-1,voiceclap-a3-audit,rater_4,41,A3-246,Multilingual-Wild,S_AUTH,Authoritative Style,7,,"The speaker's tone is commanding and authoritative, projecting a sense of control and expectation of compliance.",2,"The acoustic profile captures a highly balanced, completely egalitarian interaction among absolute peers, where the speaker confidently offers a suggestion without demanding compliance. The vocal tone is completely firm and highly clear, but entirely lacks the heavy, downward-inflected acoustic weight required to issue a true command. The social dynamic is highly cooperative and strictly horizontal.",no,0,,0,,1,28579
a3-audit-1,voiceclap-a3-audit,rater_4,42,A3-125,LAION-Got-Talent,S_WHIS,Whisper-Talk Style,7,3,"The vocal style is a highly aggressive 'stage whisper,' designed to be heard across a large room, with massive air pressure and sharp consonant articulation creating a piercing, intense acoustic effect.",1,"The speech is distinctly hushed and highly subdued, perfectly capturing a highly polite 'indoor voice' that significantly drops in volume while remaining completely, 100% fully voiced. The speaker actively suppresses their overall acoustic projection, but the fundamental tone remains highly solid, entirely unbroken, and completely devoid of any breathy leakage. The audio is highly quiet, deeply controlled, but structurally totally normal.",partial,0,,0,,2,51972
a3-audit-1,voiceclap-a3-audit,rater_5,1,A3-109,LAION-Got-Talent,S_RANT,Ranting/Angry Style,7,3,"The delivery is highly energetic and fast-paced, resembling a rapid venting session with a continuous, rhythmic flow that effectively releases pent-up tension.",2,"The acoustic profile captures a highly annoyed, deeply passive-aggressive complaint, characterized by a highly tight, slightly pinched vocal tone and heavily suppressed, deeply frustrated sighs. The speaker actively avoids a full explosion, instead utilizing highly sharp, slightly clipped consonants to clearly signal their deep, highly simmering irritation. The audio is highly tense, deeply uncomfortable, and distinctly sour.",fits,0,,0,,1,24954
a3-audit-1,voiceclap-a3-audit,rater_5,2,A3-284,Multilingual-Wild,HARM,Harmonicity,7,3,"The voice maintains a clear and stable pitch throughout, with a natural and consistent harmonic structure.",3,"The signal achieves the standard, healthy ratio of periodic tone to aperiodic noise characteristic of normal human speaking voices. The fundamental pitch is solid and highly clear, acting as the primary acoustic carrier while only a negligible, natural amount of breath noise escapes. The vocal fold closure is biologically balanced and perfectly functional.",fits,0,,0,,2,53823
a3-audit-1,voiceclap-a3-audit,rater_5,3,A3-115,LAION-Got-Talent,AGEV,Voice Age,7,4,"The vocal characteristics suggest a speaker in her late twenties to early thirties, with a fully mature but still agile vocal tract.",4,"The acoustic signature reflects a fully developed, mature adult, characterized by a highly settled, grounded, and authoritative resonant weight. The vocal folds exhibit a very slight, natural thickening, which adds a warm, robust low-mid frequency presence to the audio. The overall physical support is incredibly stable, projecting a commanding and complete spectral profile.",fits,0,,0,,2,91155
a3-audit-1,voiceclap-a3-audit,rater_5,4,A3-266,Multilingual-Wild,CHNK,Chunking,7,,"The speaker groups words into short, controlled phrases with brief, intentional pauses between them.",3,"The speech is grouped into natural, medium-length sentence-sized clauses that align perfectly with standard human breath cycles. Pauses occur naturally at grammatical boundaries, creating an easy-to-follow, balanced conversational rhythm. The respiratory management and acoustic spacing feel completely unremarkable and organically structured.",fits,0,,0,,2,34990
a3-audit-1,voiceclap-a3-audit,rater_5,5,A3-218,Majestrino,R_CHST,Chest Resonance,7,4,"The voice carries a deep, resonant warmth that vibrates strongly in the chest, giving it a grounded and full-bodied quality.",1,"The vocal delivery contains only the absolute faintest trace of bodily warmth, resulting in a distinctly thin adult voice that lacks natural authority or physical grounding. The low-frequency harmonics are severely underdeveloped, preventing the audio from projecting any significant acoustic mass. The resonance is highly superficial and feels distinctly disconnected from the speaker's torso.",fits,0,,0,,1,27279
a3-audit-1,voiceclap-a3-audit,rater_5,6,A3-212,Majestrino,DFLU,Disfluency,7,0,"There are no fillers, hesitations, or self-corrections, resulting in a perfectly smooth and uninterrupted flow.",1,"The delivery is highly polished and professional, containing perhaps only a single, negligible micro-hesitation in a long stream of speech. The linguistic output is exceptionally clean, indicating a highly prepared and focused speaker. There is almost no acoustic junk interrupting the primary message.",fits,0,,0,,3,110500
a3-audit-1,voiceclap-a3-audit,rater_5,7,A3-260,Multilingual-Wild,STNC,Stance,7,5,"The delivery is forceful and commanding, with a loud, projected voice that dominates the acoustic space, leaving no room for the listener to respond.",1,"The audio features a very reserved, cautious, and quiet delivery that respectfully waits for long silences before initiating sound. The phrase endings are deeply softened and drop in volume, indicating a distinct hesitation to claim the conversational floor. It is a highly guarded, socially deferential acoustic posture.",fits,0,,0,,2,42031
a3-audit-1,voiceclap-a3-audit,rater_5,8,A3-160,Majestrino,S_CART,Cartoonish Style,7,,"The voice is a highly exaggerated, cartoonish caricature with impossible pitch jumps, percussive pops, and piercing whistles that defy human vocal limits.",1,"The vocal delivery perfectly captures completely natural, entirely unremarkable standard human speech, entirely devoid of any artificial 'put-on' characterizations or highly exaggerated acoustic traits. The resonance, pitch, and rhythm are completely biologically standard, producing a highly functional, deeply typical audio signal. The voice sounds exactly like a completely normal person speaking in a completely normal environment.",fits,0,,0,,3,98772
a3-audit-1,voiceclap-a3-audit,rater_5,9,A3-299,Multilingual-Wild,S_MONO,Monologue Style,7,0,"The speaker is engaged in a dialogue, responding to the other person and showing active interaction rather than speaking in isolation.",0,"The speech is an incredibly active, highly engaged, and deeply interactive dialogue, featuring a speaker distinctly talking directly to a partner, actively waiting for answers, and highly focused on reading facial cues. The vocal tone is completely outward-facing, highly social, and entirely dependent on the continuous acoustic and emotional feedback of the listener. The audio is the absolute, highly collaborative antithesis of an isolated monologue.",fits,0,,0,,5,423582
a3-audit-1,voiceclap-a3-audit,rater_5,10,A3-208,Majestrino,S_DRAM,Dramatic Style,7,0,"The delivery is completely flat and devoid of any emotional expression, sounding like a person reading a list of facts without any engagement.",1,"The acoustic signal captures distinctly bad, highly flat acting where the speaker is mechanically reading the lines without genuinely feeling or projecting the underlying emotion. The vocal tone is highly wooden, deeply unconvincing, and completely fails to physically elevate the semantic meaning of the text. The dramatic attempt is highly visible but completely acoustically unsuccessful.",fits,0,,0,,1,18589
a3-audit-1,voiceclap-a3-audit,rater_5,11,A3-050,EMOLIA-BAL,TENS,Tension,7,3,"There is a faint but perceptible tension in the vocal tract, giving the voice a slightly constricted and strained quality.",2,"The voice utilizes standard, neutral conversational muscle tone, applying just enough physical firmness to clearly articulate without squeezing the vocal tract. There is no distracting or uncomfortable physical tension audible in the acoustic signal. The throat remains appropriately relaxed but functionally active.",fits,0,,0,,1,34888
a3-audit-1,voiceclap-a3-audit,rater_5,12,A3-C03,LAION-Got-Talent,S_CART,Cartoonish Style,7,6,"The speech transforms into a complex, impossible sound effect with violent pops, piercing whistles, and extreme vocal manipulation.",3,"The speech perfectly embodies a highly distinctive, deeply animated sitcom character voice that is entirely unique but still strictly bound by the acoustic physics of the human vocal tract. The speaker utilizes highly consistent, distinctly stylized vowel shapes or a highly specific, deeply recognizable pitch placement that instantly defines the character's persona. The delivery is highly professional, deeply colorful, and functionally grounded.",partial,0,,1,reject,2,100686
a3-audit-1,voiceclap-a3-audit,rater_5,13,A3-234,Multilingual-Wild,S_CONV,Conversational Style,7,0,"The delivery is a rigid, aggressive monologue with no gaps for response, resembling a wall of sound.",2,"The acoustic output strongly resembles a theatrical soliloquy; the speaker is clearly thinking out loud, but is completely unconcerned with whether another person is actually listening. The intonation is highly internal and slightly wandering, lacking the sharp, outward-facing projection required to actively engage a conversational partner. The audio feels highly personal but distinctly disconnected.",partial,0,,0,,2,31070
a3-audit-1,voiceclap-a3-audit,rater_5,14,A3-002,EMOLIA-BAL,S_MONO,Monologue Style,7,2,"The monologue is introspective and detached, with a tone that suggests the speaker is thinking aloud without concern for the listener's immediate understanding.",3,"The vocal delivery perfectly embodies the highly intimate, completely honest, and deeply unperformative tone of a person quietly reading a highly personal diary entry aloud. The speaker utilizes a highly soft, deeply vulnerable acoustic placement that completely strips away all social masks and formal projection. The audio is incredibly raw, highly private, and completely unconcerned with entertaining an external audience.",partial,0,,0,,2,125227
a3-audit-1,voiceclap-a3-audit,rater_5,15,A3-191,Majestrino,VFLX,Velocity Flux,7,3,"The pace of the speech remains steady and consistent throughout, with no noticeable acceleration or deceleration.",5,"The audio begins at a noticeably slow, deliberate pace and captures a clear, sustained acceleration across the full duration, with the speaker audibly speeding up from roughly 0.7x to 1.3x normal speed. The acoustic rhythm compresses progressively as the phrase progresses, driven by an escalating surge of energy or urgency. The temporal vector is distinctly forward-thrusting with an obvious speed buildup.",partial,0,,0,,3,151685
a3-audit-1,voiceclap-a3-audit,rater_5,16,A3-285,Multilingual-Wild,VALS,Valence Shift,7,3,"The emotional tone remains neutral and informative from start to finish, with no noticeable change in valence.",6,"The emotional arc executes an extreme, completely euphoric redemption, rapidly launching the speaker from deep despair into absolute, manic joy. The psychological state violently swings from highly negative to totally ecstatic in a single, massive, and highly explosive acoustic trajectory. The audio captures a burst of highly overwhelming, completely unexpected emotional delight.",partial,0,,0,,3,45563
a3-audit-1,voiceclap-a3-audit,rater_5,17,A3-017,EMOLIA-BAL,AROU,Arousal,7,,"The arousal level remains extremely high, with a fast, energetic pace and dynamic vocal intensity that conveys urgency and enthusiasm.",4,"The physiological activation is clearly elevated, driving the vocal apparatus with an energized, slightly urgent physical momentum. A perceptible 'hum' of high alertness buzzes through the audio, making the speech sound highly insistent, excited, or mildly anxious. The acoustic transients hit with noticeable, fast-paced physical force.",fits,0,,0,,2,70064
a3-audit-1,voiceclap-a3-audit,rater_5,18,A3-222,Majestrino,ROUG,Roughness,7,2,"The vocal texture is smooth and even, without any noticeable roughness or vocal fry.",1,"Phonation is exceptionally consistent and velvety, exhibiting only the absolute faintest microscopic traces of organic human texture. The vocal folds vibrate with incredibly healthy, polished regularity, generating a highly soothing and buttery acoustic output. The sound wave glides effortlessly with almost zero internal biological friction.",fits,0,,0,,3,60999
a3-audit-1,voiceclap-a3-audit,rater_5,19,A3-032,EMOLIA-BAL,R_NASL,Nasal Resonance,7,3,"There is a noticeable nasal coloring in the voice, making it sound higher and thinner than typical.",1,"The vocal delivery is completely clean and entirely devoid of any audible nasality, representing the absolute gold standard for clear, highly resonant broadcasting tone. The velum is perfectly raised, expertly directing the entire acoustic signal smoothly through the oral cavity without any high-frequency nasal leakage. The sound is rich, pure, and flawlessly balanced.",fits,0,,0,,2,44986
a3-audit-1,voiceclap-a3-audit,rater_5,20,A3-162,Majestrino,CHNK,Chunking,7,3,"Phrases are grouped into natural, conversational units with brief, regular pauses between them.",5,"The audio features very long, dense streams of words poured out with only the briefest of snatched inhalations. The linguistic density between pauses is incredibly high, driven by an urgent need to finish large thoughts without resting. This creates a relentless, unbroken wave of speech that stretches the limits of normal breath support.",fits,0,,0,,1,21712
a3-audit-1,voiceclap-a3-audit,rater_5,21,A3-276,Multilingual-Wild,DARC,Dynamic Arc,7,,"The volume starts at a normal level and then drops to a soft, quiet whisper.",5,"The volume vector tracks a clear, highly aggressive crescendo, building massive acoustic loudness and physical insistence across the duration of the clip. The speaker is actively 'powering up,' visibly driving the decibel level significantly higher with every passing word. The dynamic envelope is highly ascendant, continuously gathering forceful, undeniable momentum.",fits,0,,0,,2,45473
a3-audit-1,voiceclap-a3-audit,rater_5,22,A3-025,EMOLIA-BAL,BRGT,Brightness,7,6,"The voice has a harsh, piercing quality with prominent high-frequency energy that feels abrasive and painful to the ears.",5,"Treble frequencies are heavily emphasized, adding a brilliant, airy shimmer to the absolute top of the vocal spectrum. The voice sits extremely forward in the mix, characterized by highly pronounced sibilance and a sparkling, ultra-clear acoustic sheen. The continuous high-frequency excitation creates a dazzling, though potentially fatiguing, listening experience.",fits,0,,0,,4,118924
a3-audit-1,voiceclap-a3-audit,rater_5,23,A3-263,Multilingual-Wild,R_ORAL,Oral Resonance,7,3,"The articulation is clear and well-placed, with the mouth serving as the primary resonating chamber.",4,"The acoustic delivery features very clear, highly forward articulation where the sound feels exactly as if it is sitting directly on the speaker's lips. The oral cavity is highly active, precisely shaping the phonemes to ensure maximum forward projection and pristine phonetic legibility. The voice 'bites' through the air cleanly without needing to shout.",fits,0,,0,,3,608019
a3-audit-1,voiceclap-a3-audit,rater_5,24,A3-128,LAION-Got-Talent,EMPH,Emphasis,7,,"Key words are sharply emphasized with sudden increases in volume and pitch, creating a forceful and confrontational delivery.",4,"The speaker heavily and effectively marks important words, creating a strong, highly structured acoustic hierarchy. Key concepts are underlined with distinct vocal force, elongated syllable duration, and clear pitch spikes. The delivery sounds like a highly capable teacher giving crucial, high-stakes instructions.",fits,0,,0,,1,46461
a3-audit-1,voiceclap-a3-audit,rater_5,25,A3-003,EMOLIA-BAL,S_CONV,Conversational Style,7,3,"The delivery is highly interactive, with frequent micro-gaps and intonation lifts that invite listener feedback.",4,"The vocal style is incredibly engaged and highly social, heavily utilizing distinct 'active listening' markers such as a deep smile in the voice and highly inviting, rising pitch contours. The speaker is highly focused on maintaining a strong, deeply warm interpersonal connection, actively pulling the listener into the acoustic momentum of the story. The audio is highly vibrant and deeply collaborative.",fits,0,,0,,1,31215
a3-audit-1,voiceclap-a3-audit,rater_5,26,A3-192,Majestrino,FULL,Fullness,7,,"The sound is full and rich, with a balanced spectral footprint that fills the acoustic space without feeling overwhelming.",2,"The vocal profile is highly intelligible and clear but remains distinctly slender and physically lightweight in its overall spectral footprint. It lacks the rich low-mid body required to actively command the acoustic space, feeling functionally present but physically very small. The voice does not push significant air or project heavy acoustic mass.",fits,0,,0,,4,469832
a3-audit-1,voiceclap-a3-audit,rater_5,27,A3-029,EMOLIA-BAL,S_MONO,Monologue Style,7,0,"The speech is directed at an implied listener, with no indication of a monologue or internal thought being expressed aloud.",3,"The vocal delivery perfectly embodies the highly intimate, completely honest, and deeply unperformative tone of a person quietly reading a highly personal diary entry aloud. The speaker utilizes a highly soft, deeply vulnerable acoustic placement that completely strips away all social masks and formal projection. The audio is incredibly raw, highly private, and completely unconcerned with entertaining an external audience.",fits,0,,0,,1,44816
a3-audit-1,voiceclap-a3-audit,rater_5,28,A3-219,Majestrino,R_NASL,Nasal Resonance,7,3,"There is a distinct nasal coloring to the voice, making it sound higher and thinner than typical, with a slightly pinched quality.",0,"The nasal passage is completely blocked, forcing all air entirely through the mouth and violently turning 'M' and 'N' consonants into 'B' and 'D' sounds. The acoustic signal sounds exactly like a speaker suffering from a severe, highly congested head cold, completely lacking any upper-cavity airflow. The voice is deeply denasal, flat, and physically obstructed.",fits,0,,0,,1,32533
a3-audit-1,voiceclap-a3-audit,rater_5,29,A3-041,EMOLIA-BAL,S_NEWS,Newsreader Style,7,1,"The speech lacks any urgency or projection, sounding like a casual, unstructured monologue with no broadcast energy.",5,"The vocal style is incredibly heavy and deeply serious, radiating the massive, highly comforting acoustic gravitas of a legendary, 'Voice of Truth' historical anchorman. The speaker utilizes a deeply resonant, highly grounded vocal placement that projects immense, entirely unshakeable authority and deep journalistic integrity. The audio commands absolute, highly respectful attention from the listener.",fits,0,,0,,1,63832
a3-audit-1,voiceclap-a3-audit,rater_5,30,A3-169,Majestrino,STRU,Structure,7,,"The delivery lacks any logical progression or organization, consisting of a disjointed sequence of unrelated utterances without clear thematic or syntactic coherence.",1,"The delivery is incredibly jumpy, with the speaker constantly abandoning topics mid-sentence and pivoting without any acoustic transitions. It is an erratic, highly disorganized stream of audio that totally fails to connect point A to point B. The cognitive map of the speech is fractured and nearly impossible to track.",fits,0,,0,,3,148049
a3-audit-1,voiceclap-a3-audit,rater_5,31,A3-156,Majestrino,TENS,Tension,7,,"There is a persistent sense of muscular tightness in the vocal tract, with the voice sounding strained and constricted throughout.",1,"The throat and jaw muscles are highly loose and comfortable, producing a deeply warm, physically effortless vocal tone. There is absolutely no noticeable constriction in the biological pipeline, allowing the audio to resonate with a highly pleasing, 'open' acoustic geometry. The speech is physically incredibly easy to produce.",fits,0,,0,,2,25210
a3-audit-1,voiceclap-a3-audit,rater_5,32,A3-001,EMOLIA-BAL,R_NASL,Nasal Resonance,7,3,"There is a noticeable nasal coloring to the voice, making it sound slightly higher and thinner than typical, with a pinched, cartoonish quality.",3,"The acoustic profile features a distinctly obvious nasal coloring, making the fundamental tone sound significantly 'higher' and 'thinner' than its actual pitch. The voice strongly resembles a stereotypical, slightly pinched 'nerd' caricature, where a significant portion of the sound wave is constantly escaping through the nose. The overall delivery is noticeably bright and mildly squeezed.",fits,0,,0,,1,16782
a3-audit-1,voiceclap-a3-audit,rater_5,33,A3-251,Multilingual-Wild,CLRT,Articulation Clarity,7,4,"Each word is clearly enunciated, with sharp consonants and distinct vowel sounds that make the message easy to follow.",1,"Consonants are severely swallowed and lack all precision, resulting in a heavily mumbled, fuzzy acoustic texture. The word boundaries are entirely soft, sounding like the speaker is heavily sedated or speaking with a highly restricted oral cavity. The severe lack of articulatory effort makes acoustic transcription incredibly difficult.",no,0,,0,,2,35782
a3-audit-1,voiceclap-a3-audit,rater_5,34,A3-059,EMOLIA-BAL,AROU,Arousal,7,4,"The energy level remains high and engaged throughout, with a dynamic, impassioned delivery that conveys urgency and personal investment.",4,"The physiological activation is clearly elevated, driving the vocal apparatus with an energized, slightly urgent physical momentum. A perceptible 'hum' of high alertness buzzes through the audio, making the speech sound highly insistent, excited, or mildly anxious. The acoustic transients hit with noticeable, fast-paced physical force.",fits,0,,0,,2,143515
a3-audit-1,voiceclap-a3-audit,rater_5,35,A3-C10,LAION-Got-Talent,SMTH,Smoothness,7,5,"The rhythm is fluid and even, with no abrupt breaks or irregular timing patterns.",4,"The speech timing is noticeably consistent, practiced, and regular, locking into a predictable and pleasing rhythmic pulse. It sounds like the highly controlled delivery of a professional narrator who smoothly connects phrases with practiced ease. The transitions between words are clean, measured, and highly stable.",fits,0,,1,reject,2,189932
a3-audit-1,voiceclap-a3-audit,rater_5,36,A3-155,Majestrino,S_NEWS,Newsreader Style,7,4,"The speech is highly structured and objective, with a punchy, rhythmic delivery that mimics a professional news broadcast.",0,"The speech is an entirely unorganized, highly rambling stream of consciousness completely dominated by confused 'ums' and highly erratic, deeply broken thought processes. The speaker entirely lacks any ability to structure their acoustic output, resulting in a highly messy, deeply unprofessional delivery that completely fails to convey hard information. It is the absolute, chaotic antithesis of polished broadcast journalism.",no,0,,0,,1,19231
a3-audit-1,voiceclap-a3-audit,rater_5,37,A3-280,Multilingual-Wild,S_CASU,Casual Style,7,1,"The speech is highly formal and precise, with no slurring or relaxed pacing, indicating a serious and controlled delivery.",3,"The audio features the highly relaxed, deeply comfortable speech of a person casually talking with a close friend in a completely safe environment. The speaker's physical shoulders are audibly down, resulting in minor, highly natural slurring of words like 'gonna' or 'wanna' without losing overall legibility. The acoustic rhythm is highly organic, completely unforced, and deeply human.",fits,0,,0,,4,2096427
a3-audit-1,voiceclap-a3-audit,rater_5,38,A3-116,LAION-Got-Talent,VULN,Vulnerability,7,0,"The speaker's voice is completely impenetrable and heavily armored, projecting an absolute, unyielding emotional defense wall.",5,"The speaker's emotional mask is completely removed, resulting in an exposed, deeply defenseless acoustic profile often heard during profound confessions or moments of genuine awe. The voice is entirely stripped of all social protection, allowing raw, unfiltered emotional resonance to completely dictate the pitch and volume. The listener is granted absolute, unhindered access to the speaker's core state.",fits,0,,0,,1,23161
a3-audit-1,voiceclap-a3-audit,rater_5,39,A3-288,Multilingual-Wild,S_NEWS,Newsreader Style,7,3,"The tone is objective and informative, with a slightly urgent, field-reporter-like energy that conveys immediacy.",0,"The speech is an entirely unorganized, highly rambling stream of consciousness completely dominated by confused 'ums' and highly erratic, deeply broken thought processes. The speaker entirely lacks any ability to structure their acoustic output, resulting in a highly messy, deeply unprofessional delivery that completely fails to convey hard information. It is the absolute, chaotic antithesis of polished broadcast journalism.",partial,0,,0,,1,32533
a3-audit-1,voiceclap-a3-audit,rater_5,40,A3-111,LAION-Got-Talent,S_CART,Cartoonish Style,7,6,"The speech transforms into a complex, impossible sound effect with violent pops, piercing whistles, and extreme vocal manipulation.",1,"The vocal delivery perfectly captures completely natural, entirely unremarkable standard human speech, entirely devoid of any artificial 'put-on' characterizations or highly exaggerated acoustic traits. The resonance, pitch, and rhythm are completely biologically standard, producing a highly functional, deeply typical audio signal. The voice sounds exactly like a completely normal person speaking in a completely normal environment.",no,0,,0,,1,36863
a3-audit-1,voiceclap-a3-audit,rater_5,41,A3-246,Multilingual-Wild,S_AUTH,Authoritative Style,7,,"The speaker's tone is commanding and authoritative, projecting a sense of control and expectation of compliance.",5,"The delivery captures the highly aggressive, deeply overwhelming, and highly percussive vocal style of a powerful dictator or demagogue intensely hyping a massive rally. The speaker heavily utilizes violent, screaming projection, a highly repetitive, deeply hypnotic acoustic rhythm, and massive, completely intimidating volume to totally crush all opposition. The audio is a deeply terrifying, highly potent display of absolute vocal dominance.",fits,0,,0,,1,28436
a3-audit-1,voiceclap-a3-audit,rater_5,42,A3-125,LAION-Got-Talent,S_WHIS,Whisper-Talk Style,7,3,"The vocal style is a highly aggressive 'stage whisper,' designed to be heard across a large room, with massive air pressure and sharp consonant articulation creating a piercing, intense acoustic effect.",1,"The speech is distinctly hushed and highly subdued, perfectly capturing a highly polite 'indoor voice' that significantly drops in volume while remaining completely, 100% fully voiced. The speaker actively suppresses their overall acoustic projection, but the fundamental tone remains highly solid, entirely unbroken, and completely devoid of any breathy leakage. The audio is highly quiet, deeply controlled, but structurally totally normal.",partial,0,,0,,1,24428
a3-audit-1,voiceclap-a3-audit,rater_5,43,A3-013,EMOLIA-BAL,BRGT,Brightness,7,6,"The voice has a sharp, piercing quality with prominent high-frequency energy that feels harsh and sibilant.",6,"The high-frequency energy is overwhelmingly harsh, resulting in a sharply piercing, sizzling acoustic output that feels physically painful to hear. Sibilant consonants act like breaking glass, dominating the entire spectrum with aggressive, ear-drilling treble spikes. The signal is entirely unbalanced, relying exclusively on an abrasive, highly metallic top-end.",fits,0,,0,,1,18332
a3-audit-1,voiceclap-a3-audit,rater_5,44,A3-225,Multilingual-Wild,BKGN,Background Noise,7,2,"The background is nearly silent, with only a faint, consistent room tone that does not interfere with the clarity of the speech.",1,"The background noise is almost entirely imperceptible, consisting only of the absolute faintest, microscopic trace of a high-quality room tone. The environmental isolation is incredibly strong, creating a highly focused acoustic space that remains deeply quiet without feeling completely unnatural or dead. The speaker's voice completely and effortlessly dominates the audio file.",partial,0,,0,,4,260898
a3-audit-1,voiceclap-a3-audit,rater_5,45,A3-085,LAION-Got-Talent,S_NEWS,Newsreader Style,7,1,"The news style is absent; the delivery is not punchy or objective, but rather deeply personal and emotionally driven.",2,"The acoustic profile captures the highly opinionated, distinctly loose, and slightly aggressive delivery typical of a modern YouTube commentator or amateur blogger. The speaker is highly energetic and completely legible, but heavily relies on a highly subjective, deeply informal vocal tone that entirely lacks traditional broadcast neutrality. The speech is highly engaging but strictly amateur in its journalistic posture.",fits,0,,0,,1,15248
a3-audit-1,voiceclap-a3-audit,rater_5,46,A3-211,Majestrino,EMPH,Emphasis,7,0,"There is no discernible emphasis on any particular word or phrase, as the volume and pitch are uniformly consistent.",4,"The speaker heavily and effectively marks important words, creating a strong, highly structured acoustic hierarchy. Key concepts are underlined with distinct vocal force, elongated syllable duration, and clear pitch spikes. The delivery sounds like a highly capable teacher giving crucial, high-stakes instructions.",no,0,,0,,2,75270
a3-audit-1,voiceclap-a3-audit,rater_5,47,A3-049,EMOLIA-BAL,S_NEWS,Newsreader Style,7,3,"The speech is highly structured and objective, with a professional, slightly urgent tone typical of a field reporter.",1,"The delivery is completely conversational and highly casual, sounding exactly like a person informally relaying a funny story to a close friend over drinks. The vocal tone entirely lacks the highly structured, deeply projected, and sharply objective acoustic markers required for a formal news read. The audio is highly relaxed, deeply subjective, and completely un-journalistic.",partial,0,,0,,1,18390
a3-audit-1,voiceclap-a3-audit,rater_5,48,A3-113,LAION-Got-Talent,S_TECH,Teacher/Didactic Style,7,,"The speech is slow, fragmented, and filled with emotional pauses, making it difficult to follow or understand.",4,"The vocal style is intensely instructional and highly precise, perfectly separating every single phrase and concept with highly deliberate, deeply clear acoustic pauses. The speaker sounds exactly like they are carefully reading a highly critical, step-by-step emergency manual, ensuring absolutely perfect phonetic legibility and total comprehension. The delivery is highly clinical, totally unambiguous, and deeply structured.",partial,0,,0,,1,30123
a3-audit-1,voiceclap-a3-audit,rater_5,49,A3-273,Multilingual-Wild,VFLX,Velocity Flux,7,3,"The pace of the speech remains consistently slow and deliberate throughout, with no noticeable acceleration or deceleration.",1,"The speech begins at a clearly elevated pace and undergoes a heavy, sustained deceleration across the full duration. The initial brisk delivery gradually and obviously slows down, with the speaker audibly losing rhythmic momentum as the phrase progresses. The tempo drops from roughly 1.3x to 0.7x normal speed, creating a pronounced but not extreme winding-down effect.",fits,0,,0,,1,35808
a3-audit-1,voiceclap-a3-audit,rater_5,50,A3-207,Majestrino,R_MIXD,Mixed Resonance,7,3,"The voice blends chest and head resonance smoothly, creating a connected and balanced sound.",3,"The voice demonstrates a highly connected, perfectly standard level of speech-level mixing, successfully uniting the chest and head into one cohesive biological instrument. The acoustic transition between low and high frequencies is highly smooth, completely hiding the mechanical 'break' in the vocal folds. It is a highly reliable, completely healthy, and functionally unified vocal tone.",fits,0,,0,,1,22713
a3-audit-1,voiceclap-a3-audit,rater_5,51,A3-038,EMOLIA-BAL,CLRT,Articulation Clarity,7,,"The articulation is clear and precise, with well-defined consonants and vowels that are easy to distinguish.",5,"The articulation is incredibly precise and deliberate, with consonants carved out using high physical energy and perfectly shaped vowels. It has the sharp, commanding acoustic clarity of a classically trained stage actor or an elite broadcaster. Every acoustic boundary between sounds is meticulously managed and highly defined.",fits,0,,0,,1,15867
a3-audit-1,voiceclap-a3-audit,rater_5,52,A3-262,Multilingual-Wild,ATCK,Attack,7,,"The onset of each phrase is sharp and forceful, with a sudden, aggressive attack that emphasizes the speaker's frustration.",4,"The onset is highly clear, distinctly square, and physically hard, executing a highly definite, perfectly exact start to the acoustic waveform. The vocal folds close with a highly perceptible, remarkably clean 'tap' that creates a strong, highly legible transient spike at the exact beginning of the word. The acoustic edge is sharp, highly precise, and immensely focused.",partial,0,,0,,2,260930
a3-audit-1,voiceclap-a3-audit,rater_5,53,A3-011,EMOLIA-BAL,RANG,Pitch Range,7,,"The pitch moves in a wide, exaggerated range, with dramatic rises and falls that create a theatrical, almost cartoonish effect.",1,"The pitch exhibits only microscopic, severely suppressed movements, hovering heavily around a single monotonous baseline note. The vocal melody feels clinical, drained of energy, and aggressively flattened out. It is a highly restricted acoustic profile that completely lacks natural frequency inflection.",fits,0,,0,,2,2126823
a3-audit-1,voiceclap-a3-audit,rater_5,54,A3-253,Multilingual-Wild,R_CHST,Chest Resonance,7,,"The voice carries a deep, rumbling quality that vibrates strongly in the chest, giving it a powerful and grounded presence.",1,"The vocal delivery contains only the absolute faintest trace of bodily warmth, resulting in a distinctly thin adult voice that lacks natural authority or physical grounding. The low-frequency harmonics are severely underdeveloped, preventing the audio from projecting any significant acoustic mass. The resonance is highly superficial and feels distinctly disconnected from the speaker's torso.",no,0,,0,,1,14976
a3-audit-1,voiceclap-a3-audit,rater_5,55,A3-153,Majestrino,S_MONO,Monologue Style,7,,"The speaker maintains a detached, monologue-style delivery, speaking as if addressing an unseen audience with no direct interaction or emotional engagement.",1,"The delivery is a highly projected, deeply public formal address, sounding exactly like a highly confident politician or leader delivering a massive speech to a huge crowd. While the speaker is technically the only person talking, the vocal tone is entirely outward-facing, highly performative, and distinctly designed to actively manipulate the emotions of a massive audience. The audio is completely public, deeply loud, and totally un-intimate.",fits,0,,0,,1,54648
a3-audit-1,voiceclap-a3-audit,rater_5,56,A3-054,EMOLIA-BAL,CHNK,Chunking,7,2,"The speaker uses short, punchy phrases with minimal pauses, creating a sense of continuous momentum.",5,"The audio features very long, dense streams of words poured out with only the briefest of snatched inhalations. The linguistic density between pauses is incredibly high, driven by an urgent need to finish large thoughts without resting. This creates a relentless, unbroken wave of speech that stretches the limits of normal breath support.",fits,0,,0,,3,62482
a3-audit-1,voiceclap-a3-audit,rater_5,57,A3-204,Majestrino,COGL,Cognitive Load,7,4,"The delivery is fragmented and hesitant, with frequent pauses and false starts that strongly suggest the speaker is deeply preoccupied with internal thought processes.",6,"The cognitive burden is so catastrophically high—due to extreme shock, complex fabrication, or intellectual overload—that the speaker's linguistic output completely breaks down. The brain entirely fails to string together a coherent sentence, resulting in a shattered, deeply confused, and logically incoherent acoustic wave. The mental operating system has essentially crashed.",fits,0,,0,,1,17848
a3-audit-1,voiceclap-a3-audit,rater_5,58,A3-093,LAION-Got-Talent,VALS,Valence Shift,7,3,The emotional polarity remains absolutely stable and heavily sustained throughout the entire duration of the targeted audio clip.,6,"The emotional arc executes an extreme, completely euphoric redemption, rapidly launching the speaker from deep despair into absolute, manic joy. The psychological state violently swings from highly negative to totally ecstatic in a single, massive, and highly explosive acoustic trajectory. The audio captures a burst of highly overwhelming, completely unexpected emotional delight.",fits,0,,0,,1,11380
a3-audit-1,voiceclap-a3-audit,rater_5,59,A3-034,EMOLIA-BAL,AROU,Arousal,7,1,"The arousal level remains low throughout, with no noticeable spikes in energy or intensity, reflecting a state of physical and mental fatigue.",2,"The speaker is entirely awake but is consciously holding back their physiological energy, maintaining a highly reserved and strictly controlled vocal output. The intensity of the acoustic signal is deliberately suppressed, typical of a cautious, highly formal, or hyper-professional setting. The physical drive of the voice is kept on a very tight leash.",fits,0,,0,,1,20656
a3-audit-1,voiceclap-a3-audit,rater_5,60,A3-256,Multilingual-Wild,R_THRT,Throat Resonance,7,2,"The throat resonance is present but not dominant, adding a subtle darkness without overwhelming the clarity of the speech.",2,"A distinctly noticeable pharyngeal resonance pulls the voice slightly backward, preventing the acoustic signal from achieving full, forward oral projection. The fundamental tone sounds subtly 'thick' and slightly muffled, as if the speaker is holding the sound too far back in their neck. The resulting audio is functionally intelligible but slightly physically trapped.",fits,0,,0,,1,15239
a3-audit-1,voiceclap-a3-audit,rater_5,61,A3-182,Majestrino,CHNK,Chunking,7,3,"The speaker groups words into short, controlled phrases with natural pauses, creating a measured and thoughtful rhythm.",4,"The phrasing is noticeably extended, often linking multiple sentences together into a single, continuous, sweeping breath unit. The speaker utilizes high lung capacity to bridge normal stopping points, creating a smooth, long-range acoustic flow. Pauses are infrequent but deliberate, supporting a large-scale structural delivery.",fits,0,,0,,1,13066
a3-audit-1,voiceclap-a3-audit,rater_5,62,A3-268,Multilingual-Wild,S_STRY,Storytelling Style,7,3,"The vocal performance features a rhythmic, suspense-building cadence with deliberate pauses and a warm, engaging tone.",3,"The vocal delivery perfectly embodies the highly engaging, deeply hypnotic 'campfire' storytelling tone, heavily utilizing deeply deliberate, highly pregnant pauses to build massive acoustic suspense. The speaker's voice possesses a highly distinct, deeply rhythmic lilt, gently pulling the listener into the narrative with a highly warm, distinctly theatrical vocal placement. The audio is deeply captivating, highly structured, and beautifully paced.",fits,0,,0,,1,12523
a3-audit-1,voiceclap-a3-audit,rater_5,63,A3-028,EMOLIA-BAL,CHNK,Chunking,7,2,"Phrases are grouped into short, punchy units with brief, natural pauses between them, creating a dynamic rhythm.",4,"The phrasing is noticeably extended, often linking multiple sentences together into a single, continuous, sweeping breath unit. The speaker utilizes high lung capacity to bridge normal stopping points, creating a smooth, long-range acoustic flow. Pauses are infrequent but deliberate, supporting a large-scale structural delivery.",fits,0,,0,,1,14724
a3-audit-1,voiceclap-a3-audit,rater_5,64,A3-252,Multilingual-Wild,ARSH,Arousal Shift,7,3,"The speaker's energy level remains stable and consistent, showing no signs of increasing or decreasing arousal.",3,"The autonomic activation level remains entirely static and completely constant, demonstrating exactly zero change in baseline physiological arousal. The exact energy level at the start of the clip is perfectly mirrored at the end, firmly locking the speaker into an unyielding physical state. The biological engine neither revs up nor physically spins down.",fits,0,,0,,2,55081
a3-audit-1,voiceclap-a3-audit,rater_5,65,A3-008,EMOLIA-BAL,ROUG,Roughness,7,2,"The vocal texture is generally smooth, with occasional moments of mild roughness that suggest natural vocal fry.",4,"The acoustic signal is heavily raspy and scratchy, revealing a highly weathered biological apparatus operating with significant internal friction. The vocal folds vibrate with a continuous, grinding noise floor, sounding like a speaker with a mild cold or a long-term smoking habit. This heavy grit is an inescapable, defining feature of the overall sonic footprint.",fits,0,,0,,1,17900
a3-audit-1,voiceclap-a3-audit,rater_5,66,A3-084,LAION-Got-Talent,FOCS,Focus,7,,"The speaker's attention is intensely focused on the listener, creating an intimate, almost invasive presence that feels like a direct, unrelenting psychological confrontation.",4,"The speaker employs clear, highly engaged 'Direct Address,' actively ensuring their acoustic energy firmly lands on the listener. The voice possesses a strong forward projection that metaphorically 'looks' right at the audience, demanding their attention and cognitive participation. The interpersonal connection is tight, highly active, and deeply communicative.",fits,0,,0,,1,22555
a3-audit-1,voiceclap-a3-audit,rater_5,67,A3-018,EMOLIA-BAL,S_CONV,Conversational Style,7,3,"The delivery is a perfectly standard, highly functional two-way conversational flow where the speaker actively and naturally shares the acoustic space.",3,"The audio captures a perfectly standard, highly functional two-way conversational flow where the speaker actively and naturally shares the acoustic space. The delivery features highly subtle, perfectly timed micro-gaps and gentle intonation lifts designed specifically to allow the listener to nod, agree, or interject. The social rhythm is highly balanced, deeply respectful, and effortlessly interactive.",fits,0,,0,,1,13440
a3-audit-1,voiceclap-a3-audit,rater_5,68,A3-186,Majestrino,R_HEAD,Head Resonance,7,4,"The voice carries a delicate, floating quality, with a noticeable lift in the upper harmonics that gives it a light and airy texture.",3,"The audio is characterized by a distinct, highly gentle, 'floating' speaking voice that naturally rests in the upper resonant cavities of the skull. This highly soothing, physically light acoustic texture is typical of soft-spoken librarians or therapists aiming to project deep calm. The voice is entirely devoid of aggressive low-end rumble, favoring a highly delicate airiness.",fits,0,,0,,2,31981
a3-audit-1,voiceclap-a3-audit,rater_5,69,A3-135,LAION-Got-Talent,TENS,Tension,7,6,"The voice exhibits extreme muscular tension, with a rigid, constricted quality that distorts the vocal folds and produces a strained, cracking delivery.",4,"The vocal tone sounds noticeably pressed and restricted, as if the audio is being physically pushed through a narrowed, tightly clenched biological pipe. The speaker is clearly carrying heavy stress in their jaw and neck, resulting in a firm, mildly metallic, and highly constrained acoustic signal. The lack of open resonance is physically palpable.",fits,0,,0,,1,12164
a3-audit-1,voiceclap-a3-audit,rater_5,70,A3-271,Multilingual-Wild,BRGT,Brightness,7,4,"The voice has a bright, clear quality with strong high-frequency presence, making sibilants and consonants sharply defined.",2,"High-frequency energy is present but gently attenuated, resulting in a warm, rounded, and earthy acoustic profile. This slight treble suppression creates a pleasingly smooth, vintage sound that lacks modern analytical crispness but is exceptionally easy on the ears. Sibilance is naturally controlled and softly absorbed into the frequency mix.",partial,0,,0,,1,28198
a3-audit-1,voiceclap-a3-audit,rater_5,71,A3-064,EMOLIA-BAL,S_MONO,Monologue Style,7,3,"The vocal style is deeply introspective, with a soft, vulnerable tone that suggests the speaker is sharing private thoughts in a moment of solitude.",0,"The speech is an incredibly active, highly engaged, and deeply interactive dialogue, featuring a speaker distinctly talking directly to a partner, actively waiting for answers, and highly focused on reading facial cues. The vocal tone is completely outward-facing, highly social, and entirely dependent on the continuous acoustic and emotional feedback of the listener. The audio is the absolute, highly collaborative antithesis of an isolated monologue.",fits,0,,0,,1,19913
a3-audit-1,voiceclap-a3-audit,rater_5,72,A3-250,Multilingual-Wild,VOLT,Volatility,7,,"The emotional state is highly unstable, with rapid and violent shifts between extreme affective states, creating a chaotic and disorienting acoustic profile.",0,"The emotional state is absolutely static and heavily frozen, presenting as an unyielding block of psychological ice. The voice exhibits zero micro-shimmer or affective reaction to the actual words being spoken, resulting in a disturbingly flat and highly rigid acoustic profile. The emotional trajectory is a completely dead, unmoving flatline.",fits,0,,0,,1,15433
a3-audit-1,voiceclap-a3-audit,rater_5,73,A3-150,Majestrino,R_THRT,Throat Resonance,7,2,"The throat resonance is present but not dominant, adding a subtle depth without creating a guttural or swallowed effect.",0,"The biological vocal tract is completely open, highly relaxed, and entirely free of any pharyngeal constriction or 'swallowed' acoustic qualities. The sound wave effortlessly bypasses the throat, projecting forward with perfect clarity and absolutely zero guttural interference. The physical pipeline is flawlessly unobstructed, allowing for a totally pure, unchoked emission.",fits,0,,0,,1,20239
a3-audit-1,voiceclap-a3-audit,rater_5,74,A3-089,LAION-Got-Talent,S_MONO,Monologue Style,7,4,"The monologue is introspective and detached, with the speaker speaking in a reflective, almost theatrical manner that suggests a deep internal narrative.",1,"The delivery is a highly projected, deeply public formal address, sounding exactly like a highly confident politician or leader delivering a massive speech to a huge crowd. While the speaker is technically the only person talking, the vocal tone is entirely outward-facing, highly performative, and distinctly designed to actively manipulate the emotions of a massive audience. The audio is completely public, deeply loud, and totally un-intimate.",fits,0,,0,,4,74380
a3-audit-1,voiceclap-a3-audit,rater_5,75,A3-206,Majestrino,R_THRT,Throat Resonance,7,,"There is a noticeable throatiness in the sound, giving it a slightly dark and guttural quality.",3,"The acoustic profile is clearly centered in the neck, characterized by a highly guttural, distinctly dark, and physically 'thick' vocal texture. The sound wave feels slightly obstructed by the root of the tongue, preventing bright, forward harmonics from escaping the vocal tract. The delivery has a heavy, slightly rough, and distinctly 'swallowed' quality.",fits,0,,0,,1,13326
a3-audit-1,voiceclap-a3-audit,rater_5,76,A3-014,EMOLIA-BAL,CLRT,Articulation Clarity,7,3,"Consonants and vowels are clearly defined, making the speech easy to understand without strain.",3,"The audio exhibits a neutral, standard level of articulation perfectly suited for everyday, clear acoustic communication. Words are easily separable with well-defined vowel shapes and appropriately struck consonants. The speaker puts in just enough mechanical effort to be naturally understood without sounding overly precise.",fits,0,,0,,1,19840
a3-audit-1,voiceclap-a3-audit,rater_5,77,A3-C16,LAION-Got-Talent,S_MONO,Monologue Style,7,4,"The monologue is introspective and detached, with the speaker speaking in a reflective, almost theatrical manner that suggests a deep internal narrative.",5,"The delivery is highly cinematic and deeply stylized, perfectly mimicking the highly polished, deeply resonant voiceover narration of a major film explaining the plot directly to the audience. The speaker utilizes a highly detached, deeply omniscient acoustic baseline that exists completely outside the physical reality of the scene, smoothly guiding the listener through the character's internal feelings. The audio is highly professional, deeply informative, and entirely disconnected from the physical environment.",fits,0,,1,reject,2,43558
a3-audit-1,voiceclap-a3-audit,rater_5,78,A3-000,EMOLIA-BAL,S_AUTH,Authoritative Style,7,3,"The speaker's delivery is commanding and authoritative, with a deep, resonant voice that projects confidence and control.",4,"The vocal style is highly commanding and intensely projected, perfectly mimicking the loud, highly aggressive, and deeply forceful delivery of a police officer or military captain. The speaker utilizes highly shortened, deeply percussive sentences that physically strike the listener's ear, completely demanding immediate, highly absolute physical obedience. The acoustic posture is highly dominant, deeply intense, and entirely unyielding.",fits,0,,0,,1,11816
a3-audit-1,voiceclap-a3-audit,rater_5,79,A3-152,Majestrino,FOCS,Focus,7,6,"The delivery is intensely focused on the listener, creating an overwhelming, hypnotic presence that feels invasive and all-consuming.",3,"The audio captures a standard, polite interactional focus where the speaker is casually aware of the listener without applying intense psychological pressure. The vocal energy is appropriately directed outward, maintaining a comfortable, socially standard interpersonal connection. The acoustic projection is functional, balanced, and appropriately present.",fits,0,,0,,1,15938
a3-audit-1,voiceclap-a3-audit,rater_5,80,A3-066,EMOLIA-BAL,S_CART,Cartoonish Style,7,4,"The voice is animated and stylized, featuring exaggerated pitch and rhythm typical of a cartoon character.",1,"The vocal delivery perfectly captures completely natural, entirely unremarkable standard human speech, entirely devoid of any artificial 'put-on' characterizations or highly exaggerated acoustic traits. The resonance, pitch, and rhythm are completely biologically standard, producing a highly functional, deeply typical audio signal. The voice sounds exactly like a completely normal person speaking in a completely normal environment.",partial,0,,0,,1,20594
a3-audit-1,voiceclap-a3-audit,rater_5,81,A3-195,Majestrino,TEMP,Tempo,7,1,"The speech is delivered at a slow and deliberate pace, with each word clearly enunciated and spaced out for emphasis.",1,"The word production is unusually deliberate and labored, characterized by excessive time taken to resolve every single phoneme. The pace feels incredibly heavy and sedate, creating a dragging, low-density acoustic stream with greatly elongated vowel durations. It sounds like someone reading a solemn decree or struggling through deep lethargy.",fits,0,,0,,2,25954
a3-audit-1,voiceclap-a3-audit,rater_5,82,A3-287,Multilingual-Wild,METL,Metallic Character,7,3,"There is a slight firmness in the vocal delivery, giving it a slightly hard, tense quality, as if the speaker is holding back emotion.",2,"The audio features a standard, highly typical human resonance containing only a negligible, entirely organic amount of high-frequency acoustic 'ping.' The biological vocal tract functions normally, beautifully balancing soft tissue absorption with the hard reflection of the hard palate. The overall sonic footprint remains firmly and functionally natural.",fits,0,,0,,1,27882
a3-audit-1,voiceclap-a3-audit,rater_5,83,A3-202,Majestrino,AROU,Arousal,7,3,"The speaker's energy level is moderate, consistent with a calm and composed delivery.",3,"The audio captures the standard, baseline physiological energy level of a fully alert human engaged in a normal conversation. The speaker sounds entirely present, utilizing a healthy, balanced physical force that perfectly matches the conversational context. The autonomic nervous system is active, stable, and completely unexceptional.",fits,0,,0,,1,11510
a3-audit-1,voiceclap-a3-audit,rater_5,84,A3-297,Multilingual-Wild,ROUG,Roughness,7,,"The vocal texture is smooth and even, with no noticeable roughness or vocal fry, indicating healthy vocal production.",1,"Phonation is exceptionally consistent and velvety, exhibiting only the absolute faintest microscopic traces of organic human texture. The vocal folds vibrate with incredibly healthy, polished regularity, generating a highly soothing and buttery acoustic output. The sound wave glides effortlessly with almost zero internal biological friction.",fits,0,,0,,1,9934
a3-audit-1,voiceclap-a3-audit,rater_5,85,A3-012,EMOLIA-BAL,S_NEWS,Newsreader Style,7,4,"The delivery is punchy and objective, with a professional, news-style cadence and clear articulation.",1,"The delivery is completely conversational and highly casual, sounding exactly like a person informally relaying a funny story to a close friend over drinks. The vocal tone entirely lacks the highly structured, deeply projected, and sharply objective acoustic markers required for a formal news read. The audio is highly relaxed, deeply subjective, and completely un-journalistic.",partial,0,,0,,2,22947
a3-audit-1,voiceclap-a3-audit,rater_5,86,A3-237,Multilingual-Wild,S_MONO,Monologue Style,7,0,"The speaker is engaged in a direct, interactive dialogue, responding to a listener's action with immediate acknowledgment.",1,"The delivery is a highly projected, deeply public formal address, sounding exactly like a highly confident politician or leader delivering a massive speech to a huge crowd. While the speaker is technically the only person talking, the vocal tone is entirely outward-facing, highly performative, and distinctly designed to actively manipulate the emotions of a massive audience. The audio is completely public, deeply loud, and totally un-intimate.",fits,0,,0,,1,15788
a3-audit-1,voiceclap-a3-audit,rater_5,87,A3-178,Majestrino,BKGN,Background Noise,7,3,"A steady, low-level room ambience is present, suggesting an untreated indoor space.",0,"The environment behind the speaker is an absolute, completely dead acoustic vacuum, totally devoid of any room tone, hiss, or background interference. The recording was clearly captured in a heavily sound-treated, professional isolation booth that perfectly absorbs all ambient reflections. The silence between the words is completely pure, black, and strictly dry.",fits,0,,0,,1,10960
a3-audit-1,voiceclap-a3-audit,rater_5,88,A3-120,LAION-Got-Talent,AROU,Arousal,7,2,"The vocal energy remains low and controlled throughout, with no signs of heightened arousal, suggesting a state of calm but intense internal tension.",3,"The audio captures the standard, baseline physiological energy level of a fully alert human engaged in a normal conversation. The speaker sounds entirely present, utilizing a healthy, balanced physical force that perfectly matches the conversational context. The autonomic nervous system is active, stable, and completely unexceptional.",fits,0,,0,,1,13183
a3-audit-1,voiceclap-a3-audit,rater_5,89,A3-261,Multilingual-Wild,TEMP,Tempo,7,3,"The speech is delivered at a moderate, conversational pace with no noticeable acceleration or deceleration.",1,"The word production is unusually deliberate and labored, characterized by excessive time taken to resolve every single phoneme. The pace feels incredibly heavy and sedate, creating a dragging, low-density acoustic stream with greatly elongated vowel durations. It sounds like someone reading a solemn decree or struggling through deep lethargy.",fits,0,,0,,2,16833
a3-audit-1,voiceclap-a3-audit,rater_5,90,A3-107,LAION-Got-Talent,GEND,Perceived Gender,7,1,"The voice is clearly female, with a bright, high-pitched quality that aligns with a young adult female speaker.",1,"The audio presents a clearly feminine vocal signature with standard female fundamental pitch ranges and proportionally scaled formant frequencies. The tonal balance is strongly centered in the head and oral cavities, lacking heavy lower-harmonic rumble. The acoustic weight and spectral footprint are unmistakably characteristic of a typical adult woman.",fits,0,,0,,1,17963
a3-audit-1,voiceclap-a3-audit,rater_5,91,A3-230,Multilingual-Wild,FOCS,Focus,7,6,"The speaker's attention is intensely focused on the listener, creating a hypnotic, intimate atmosphere where the listener feels completely absorbed and psychologically invaded by the speaker's presence.",2,"The speaker's attention is clearly split, resulting in a distracted, slightly 'hollow' acoustic delivery where their mind is visibly wandering. They are physically speaking to someone, but the vocal projection lacks true interpersonal grounding, creating a slightly unfocused and floaty audio presence. The communicative intent is weak and continually drifting.",fits,0,,0,,1,15333
a3-audit-1,voiceclap-a3-audit,rater_5,92,A3-036,EMOLIA-BAL,CHNK,Chunking,7,2,"The speaker groups words into short, breath-separated phrases, creating a fragmented and hesitant flow.",1,"The audio consists of very short, choppy two-word bursts that create a percussive, stop-and-go rhythmic structure. Every minor thought is separated by distinct, unnecessary pauses that completely interrupt the natural breathing cycle. The overall acoustic effect is highly disjointed and lacks any continuous flow.",fits,0,,0,,1,11796
a3-audit-1,voiceclap-a3-audit,rater_5,93,A3-189,Majestrino,S_TECH,Teacher/Didactic Style,7,,"The speech is delivered in a measured, explanatory manner, suggesting a didactic intent.",5,"The delivery becomes highly patronizing and deeply condescending, featuring a speaker who is actively over-simplifying their acoustic output to 'mansplain' or talk down to the listener. The vocal tone utilizes an artificially sweet, highly elongated rhythm that clearly implies the listener is deeply unintelligent or highly incapable. The audio is technically clear but highly insulting and deeply frustrating.",fits,0,,0,,1,17799
a3-audit-1,voiceclap-a3-audit,rater_5,94,A3-092,LAION-Got-Talent,CLRT,Articulation Clarity,7,4,"Every consonant and vowel is sharply defined, resulting in exceptionally clear and precise articulation.",4,"Every syllable is pronounced with crisp, distinct clarity, ensuring highly intelligible and clean phoneme boundaries. The consonants have a clear, precise bite, typical of a high-quality, professional narrator focused on maximum audio legibility. The delivery is sharp and clean without crossing into artificial exaggeration.",fits,0,,0,,1,20214
a3-audit-1,voiceclap-a3-audit,rater_5,95,A3-269,Multilingual-Wild,S_CART,Cartoonish Style,7,4,"The voice is highly stylized, featuring exaggerated pitch jumps and a whimsical, animated quality that defies normal human vocal range.",5,"The delivery becomes completely zany and deeply chaotic, featuring a voice that actively and violently defies all standard laws of vocal physics and biological elasticity. The speaker executes highly rapid, completely jarring shifts from a massive, deeply guttural growl to an impossibly high, deeply piercing squeak within a single sentence. The acoustic performance is wildly unpredictable, highly extreme, and deeply exhausting.",partial,0,,0,,1,11648
a3-audit-1,voiceclap-a3-audit,rater_5,96,A3-047,EMOLIA-BAL,RANG,Pitch Range,7,4,"The pitch moves in a wide, expressive range, with noticeable rises and falls that emphasize key points.",4,"The pitch moves expressively across a wide range of notes, actively utilizing significant fundamental frequency highs and lows to project personality. The voice sounds lively, colorful, and deeply engaged, creating a dynamic and engaging melodic map. The sweeping pitch jumps clearly highlight the emotional intent of the speaker.",fits,0,,0,,1,9396
a3-audit-1,voiceclap-a3-audit,rater_5,97,A3-278,Multilingual-Wild,EXPL,Content Appropriateness,3,0,"The content is appropriate for a general audience, containing no explicit or inappropriate material.",1,"Safe for Work (SFW): Content acceptable for adults in a professional setting during a break. May contain moderate violence, flirting, suggestive content (e.g. describing a makeout scene, discussing revealing clothing), or moderately strong language. An adult could listen with colleagues without serious discomfort, but it would be somewhat inappropriate for a school classroom.",fits,0,,0,,1,13382
a3-audit-1,voiceclap-a3-audit,rater_5,98,A3-015,EMOLIA-BAL,S_NEWS,Newsreader Style,7,3,"The delivery is objective and informative, with a professional, slightly urgent tone typical of a news report.",2,"The acoustic profile captures the highly opinionated, distinctly loose, and slightly aggressive delivery typical of a modern YouTube commentator or amateur blogger. The speaker is highly energetic and completely legible, but heavily relies on a highly subjective, deeply informal vocal tone that entirely lacks traditional broadcast neutrality. The speech is highly engaging but strictly amateur in its journalistic posture.",fits,0,,0,,1,11898
a3-audit-1,voiceclap-a3-audit,rater_5,99,A3-100,LAION-Got-Talent,RANG,Pitch Range,7,4,"The pitch moves in a wide, expressive range, with noticeable rises and falls that emphasize key moments.",5,"The delivery is highly melodic, characterized by sweeping, dramatic pitch jumps and beautifully pronounced sing-song contours. The voice utilizes nearly its full musical range, bouncing rapidly between high acoustic peaks and deep valleys. It possesses the vibrant, animated theatricality of a professional voice actor or storyteller.",fits,0,,0,,1,8848
a3-audit-1,voiceclap-a3-audit,rater_5,100,A3-016,EMOLIA-BAL,R_NASL,Nasal Resonance,7,3,"There is a consistent nasal coloring to the tone, making the voice sound slightly pinched and higher than it might otherwise be.",5,"The nasal resonance is intensely unpleasant and highly piercing, heavily dominating the acoustic spectrum with a deeply complaining, aggressively nagging tone. The sound wave is violently squeezed into the upper nasal cavity, completely stripping away any soothing low-mid frequencies and replacing them with a harsh, highly irritating buzz. The voice is physically exhausting to listen to.",fits,0,,0,,1,14097
